order_id,customer_id,product_id,supplier_id,quantity,unit_price,currency,order_date,required_date,status,raw_payload
ORD-000001,CUST-004,PROD-009,SUP-015,16,$3400.00,USD,2026-08-29T21:27:20.247341,2026-09-04T21:27:20.247341,IN_TRANSIT,"{""order_id"": ""ORD-000001"", ""amount"": 54400.0}"
ORD-000002,CUST-009,PROD-004,SUP-012,193,$4800.00,USD,2026-07-27T02:27:20.247341,2026-08-08T02:27:20.247341,DELIVERED,"{""order_id"": ""ORD-000002"", ""amount"": 926400.0}"
ORD-000003,CUST-007,PROD-006,SUP-013,65,$1800.00,USD,2026-07-19T07:27:20.247341,2026-07-25T07:27:20.247341,IN_TRANSIT,"{""order_id"": ""ORD-000003"", ""amount"": 117000.0}"
ORD-000004,CUST-010,PROD-010,SUP-004,198,$120.00,USD,2026-07-19T15:27:20.247341,2026-08-01T15:27:20.247341,DELIVERED,"{""order_id"": ""ORD-000004"", ""amount"": 23760.0}"
ORD-000005,CUST-001,PROD-005,SUP-008,63,$2100.00,USD,2026-07-22T16:27:20.247341,2026-07-31T16:27:20.247341,DELIVERED,"{""order_id"": ""ORD-000005"", ""amount"": 132300.0}"
ORD-000006,CUST-004,PROD-007,SUP-015,14,$3200.00,USD,2026-07-29T03:27:20.247341,2026-08-05T03:27:20.247341,DELIVERED,"{""order_id"": ""ORD-000006"", ""amount"": 44800.0}"
ORD-000007,CUST-001,PROD-007,SUP-015,91,$3200.00,USD,2026-08-07T18:27:20.247341,2026-08-19T18:27:20.247341,DELAYED,"{""order_id"": ""ORD-000007"", ""amount"": 291200.0}"
ORD-000008,CUST-010,PROD-009,SUP-015,54,$3400.00,USD,2026-07-24T10:27:20.247341,2026-07-31T10:27:20.247341,DELIVERED,"{""order_id"": ""ORD-000008"", ""amount"": 183600.0}"
ORD-000009,CUST-009,PROD-004,SUP-012,140,$4800.00,USD,2026-08-08T07:27:20.247341,2026-08-13T07:27:20.247341,DELIVERED,"{""order_id"": ""ORD-000009"", ""amount"": 672000.0}"
ORD-000010,CUST-008,PROD-006,SUP-013,66,$1800.00,USD,2026-08-20T07:27:20.247341,2026-08-26T07:27:20.247341,DELIVERED,"{""order_id"": ""ORD-000010"", ""amount"": 118800.0}"
ORD-000011,CUST-003,PROD-002,SUP-015,143,$350.00,USD,2026-08-30T07:27:20.247341,2026-09-14T07:27:20.247341,DELAYED,"{""order_id"": ""ORD-000011"", ""amount"": 50050.0}"
ORD-000012,CUST-006,PROD-006,SUP-013,67,$1800.00,USD,2026-08-12T14:27:20.247341,2026-08-26T14:27:20.247341,DELAYED,"{""order_id"": ""ORD-000012"", ""amount"": 120600.0}"
ORD-000013,CUST-002,PROD-001,SUP-010,161,$1250.00,USD,2026-08-08T07:27:20.247341,2026-08-15T07:27:20.247341,DELAYED,"{""order_id"": ""ORD-000013"", ""amount"": 201250.0}"
ORD-000014,CUST-002,PROD-010,SUP-004,131,$120.00,USD,2026-08-02T09:27:20.247341,2026-08-12T09:27:20.247341,DELIVERED,"{""order_id"": ""ORD-000014"", ""amount"": 15720.0}"
ORD-000015,CUST-007,PROD-008,SUP-010,92,$890.00,USD,2026-08-11T07:27:20.247341,2026-08-16T07:27:20.247341,DELIVERED,"{""order_id"": ""ORD-000015"", ""amount"": 81880.0}"
ORD-000016,CUST-008,PROD-003,SUP-013,66,$45.00,USD,2026-08-17T12:27:20.247341,2026-08-23T12:27:20.247341,DELIVERED,"{""order_id"": ""ORD-000016"", ""amount"": 2970.0}"
ORD-000017,CUST-008,PROD-008,SUP-010,133,$890.00,USD,2026-07-18T20:27:20.247341,2026-07-23T20:27:20.247341,IN_TRANSIT,"{""order_id"": ""ORD-000017"", ""amount"": 118370.0}"
ORD-000018,CUST-003,PROD-008,SUP-010,176,$890.00,USD,2026-08-29T22:27:20.247341,2026-09-05T22:27:20.247341,IN_TRANSIT,"{""order_id"": ""ORD-000018"", ""amount"": 156640.0}"
ORD-000019,CUST-001,PROD-010,SUP-004,32,$120.00,USD,2026-08-18T11:27:20.247341,2026-09-02T11:27:20.247341,DELIVERED,"{""order_id"": ""ORD-000019"", ""amount"": 3840.0}"
ORD-000020,CUST-010,PROD-010,SUP-004,122,$120.00,USD,2026-08-21T04:27:20.247341,2026-08-29T04:27:20.247341,IN_TRANSIT,"{""order_id"": ""ORD-000020"", ""amount"": 14640.0}"
ORD-000021,CUST-008,PROD-007,SUP-015,160,$3200.00,USD,2026-08-19T03:27:20.247341,2026-08-26T03:27:20.247341,DELIVERED,"{""order_id"": ""ORD-000021"", ""amount"": 512000.0}"
ORD-000022,CUST-006,PROD-004,SUP-012,183,$4800.00,USD,2026-08-16T06:27:20.247341,2026-08-23T06:27:20.247341,IN_TRANSIT,"{""order_id"": ""ORD-000022"", ""amount"": 878400.0}"
ORD-000023,CUST-009,PROD-009,SUP-015,49,$3400.00,USD,2026-08-08T20:27:20.247341,2026-08-23T20:27:20.247341,IN_TRANSIT,"{""order_id"": ""ORD-000023"", ""amount"": 166600.0}"
ORD-000024,CUST-002,PROD-008,SUP-010,164,$890.00,USD,2026-07-19T22:27:20.247341,2026-07-27T22:27:20.247341,DELIVERED,"{""order_id"": ""ORD-000024"", ""amount"": 145960.0}"
ORD-000025,CUST-004,PROD-005,SUP-008,55,$2100.00,USD,2026-08-26T13:27:20.247341,2026-09-06T13:27:20.247341,DELIVERED,"{""order_id"": ""ORD-000025"", ""amount"": 115500.0}"
ORD-000026,CUST-009,PROD-009,SUP-015,195,$3400.00,USD,2026-08-26T22:27:20.247341,2026-09-03T22:27:20.247341,DELIVERED,"{""order_id"": ""ORD-000026"", ""amount"": 663000.0}"
ORD-000027,CUST-003,PROD-008,SUP-010,103,$890.00,USD,2026-08-15T22:27:20.247341,2026-08-25T22:27:20.247341,DELIVERED,"{""order_id"": ""ORD-000027"", ""amount"": 91670.0}"
ORD-000028,CUST-010,PROD-002,SUP-015,85,$350.00,USD,2026-08-12T09:27:20.247341,2026-08-23T09:27:20.247341,IN_TRANSIT,"{""order_id"": ""ORD-000028"", ""amount"": 29750.0}"
ORD-000029,CUST-005,PROD-006,SUP-013,36,$1800.00,USD,2026-08-01T10:27:20.247341,2026-08-09T10:27:20.247341,DELIVERED,"{""order_id"": ""ORD-000029"", ""amount"": 64800.0}"
ORD-000030,CUST-010,PROD-005,SUP-008,168,$2100.00,USD,2026-08-29T19:27:20.247341,2026-09-05T19:27:20.247341,DELIVERED,"{""order_id"": ""ORD-000030"", ""amount"": 352800.0}"
ORD-000031,CUST-006,PROD-006,SUP-013,176,$1800.00,USD,2026-08-12T20:27:20.247341,2026-08-21T20:27:20.247341,DELIVERED,"{""order_id"": ""ORD-000031"", ""amount"": 316800.0}"
ORD-000032,CUST-006,PROD-010,SUP-004,132,$120.00,USD,2026-07-23T11:27:20.247341,2026-07-30T11:27:20.247341,DELIVERED,"{""order_id"": ""ORD-000032"", ""amount"": 15840.0}"
ORD-000033,CUST-009,PROD-004,SUP-012,53,$4800.00,USD,2026-08-24T07:27:20.247341,2026-09-01T07:27:20.247341,DELIVERED,"{""order_id"": ""ORD-000033"", ""amount"": 254400.0}"
ORD-000034,CUST-007,PROD-003,SUP-013,191,$45.00,USD,2026-08-31T22:27:20.247341,2026-09-09T22:27:20.247341,DELIVERED,"{""order_id"": ""ORD-000034"", ""amount"": 8595.0}"
ORD-000035,CUST-010,PROD-005,SUP-008,180,$2100.00,USD,2026-08-17T10:27:20.247341,2026-08-22T10:27:20.247341,DELIVERED,"{""order_id"": ""ORD-000035"", ""amount"": 378000.0}"
ORD-000036,CUST-010,PROD-005,SUP-008,11,$2100.00,USD,2026-08-27T19:27:20.247341,2026-09-09T19:27:20.247341,DELIVERED,"{""order_id"": ""ORD-000036"", ""amount"": 23100.0}"
ORD-000037,CUST-006,PROD-003,SUP-013,36,$45.00,USD,2026-08-15T05:27:20.247341,2026-08-22T05:27:20.247341,DELAYED,"{""order_id"": ""ORD-000037"", ""amount"": 1620.0}"
ORD-000038,CUST-004,PROD-010,SUP-004,32,$120.00,USD,2026-08-08T09:27:20.247341,2026-08-20T09:27:20.247341,DELIVERED,"{""order_id"": ""ORD-000038"", ""amount"": 3840.0}"
ORD-000039,CUST-007,PROD-007,SUP-015,126,$3200.00,USD,2026-08-27T03:27:20.247341,2026-09-08T03:27:20.247341,DELAYED,"{""order_id"": ""ORD-000039"", ""amount"": 403200.0}"
ORD-000040,CUST-008,PROD-004,SUP-012,122,$4800.00,USD,2026-07-20T13:27:20.247341,2026-07-30T13:27:20.247341,DELAYED,"{""order_id"": ""ORD-000040"", ""amount"": 585600.0}"
ORD-000041,CUST-001,PROD-005,SUP-008,152,$2100.00,USD,2026-08-06T05:27:20.247341,2026-08-21T05:27:20.247341,IN_TRANSIT,"{""order_id"": ""ORD-000041"", ""amount"": 319200.0}"
ORD-000042,CUST-001,PROD-010,SUP-004,149,$120.00,USD,2026-07-30T11:27:20.247341,2026-08-14T11:27:20.247341,DELIVERED,"{""order_id"": ""ORD-000042"", ""amount"": 17880.0}"
ORD-000043,CUST-003,PROD-002,SUP-015,36,$350.00,USD,2026-08-08T17:27:20.247341,2026-08-17T17:27:20.247341,IN_TRANSIT,"{""order_id"": ""ORD-000043"", ""amount"": 12600.0}"
ORD-000044,CUST-004,PROD-010,SUP-004,136,$120.00,USD,2026-08-25T18:27:20.247341,2026-09-05T18:27:20.247341,DELIVERED,"{""order_id"": ""ORD-000044"", ""amount"": 16320.0}"
ORD-000045,CUST-003,PROD-001,SUP-010,136,$1250.00,USD,2026-08-12T13:27:20.247341,2026-08-22T13:27:20.247341,DELIVERED,"{""order_id"": ""ORD-000045"", ""amount"": 170000.0}"
ORD-000046,CUST-008,PROD-005,SUP-008,82,$2100.00,USD,2026-08-11T17:27:20.247341,2026-08-17T17:27:20.247341,DELIVERED,"{""order_id"": ""ORD-000046"", ""amount"": 172200.0}"
ORD-000047,CUST-010,PROD-002,SUP-015,175,$350.00,USD,2026-07-28T20:27:20.247341,2026-08-08T20:27:20.247341,DELIVERED,"{""order_id"": ""ORD-000047"", ""amount"": 61250.0}"
ORD-000048,CUST-010,PROD-004,SUP-012,56,$4800.00,USD,2026-08-15T16:27:20.247341,2026-08-27T16:27:20.247341,DELIVERED,"{""order_id"": ""ORD-000048"", ""amount"": 268800.0}"
ORD-000049,CUST-007,PROD-006,SUP-013,148,$1800.00,USD,2026-08-06T15:27:20.247341,2026-08-13T15:27:20.247341,DELIVERED,"{""order_id"": ""ORD-000049"", ""amount"": 266400.0}"
ORD-000050,CUST-003,PROD-007,SUP-015,149,$3200.00,USD,2026-08-31T18:27:20.247341,2026-09-14T18:27:20.247341,DELIVERED,"{""order_id"": ""ORD-000050"", ""amount"": 476800.0}"
ORD-000051,CUST-005,PROD-005,SUP-008,80,$2100.00,USD,2026-08-03T19:27:20.247341,2026-08-12T19:27:20.247341,DELIVERED,"{""order_id"": ""ORD-000051"", ""amount"": 168000.0}"
ORD-000052,CUST-008,PROD-002,SUP-015,136,$350.00,USD,2026-08-07T18:27:20.247341,2026-08-20T18:27:20.247341,DELAYED,"{""order_id"": ""ORD-000052"", ""amount"": 47600.0}"
ORD-000053,CUST-002,PROD-010,SUP-004,91,$120.00,USD,2026-08-17T18:27:20.247341,2026-08-25T18:27:20.247341,DELIVERED,"{""order_id"": ""ORD-000053"", ""amount"": 10920.0}"
ORD-000054,CUST-005,PROD-003,SUP-013,182,$45.00,USD,2026-08-14T22:27:20.247341,2026-08-26T22:27:20.247341,DELIVERED,"{""order_id"": ""ORD-000054"", ""amount"": 8190.0}"
ORD-000055,CUST-005,PROD-007,SUP-015,97,$3200.00,USD,2026-07-27T20:27:20.247341,2026-08-03T20:27:20.247341,DELIVERED,"{""order_id"": ""ORD-000055"", ""amount"": 310400.0}"
ORD-000056,CUST-009,PROD-001,SUP-010,163,$1250.00,USD,2026-07-24T11:27:20.247341,2026-08-04T11:27:20.247341,CUSTOMS_HOLD,"{""order_id"": ""ORD-000056"", ""amount"": 203750.0}"
ORD-000057,CUST-010,PROD-006,SUP-013,15,$1800.00,USD,2026-08-17T13:27:20.247341,2026-08-28T13:27:20.247341,DELAYED,"{""order_id"": ""ORD-000057"", ""amount"": 27000.0}"
ORD-000058,CUST-010,PROD-010,SUP-004,128,$120.00,USD,2026-07-22T01:27:20.247341,2026-08-02T01:27:20.247341,DELIVERED,"{""order_id"": ""ORD-000058"", ""amount"": 15360.0}"
ORD-000059,CUST-010,PROD-001,SUP-010,92,$1250.00,USD,2026-08-25T15:27:20.247341,2026-08-30T15:27:20.247341,DELIVERED,"{""order_id"": ""ORD-000059"", ""amount"": 115000.0}"
ORD-000060,CUST-009,PROD-008,SUP-010,129,$890.00,USD,2026-08-13T14:27:20.247341,2026-08-19T14:27:20.247341,DELIVERED,"{""order_id"": ""ORD-000060"", ""amount"": 114810.0}"
ORD-000061,CUST-010,PROD-001,SUP-010,29,$1250.00,USD,2026-08-11T18:27:20.247341,2026-08-20T18:27:20.247341,CUSTOMS_HOLD,"{""order_id"": ""ORD-000061"", ""amount"": 36250.0}"
ORD-000062,CUST-004,PROD-006,SUP-013,152,$1800.00,USD,2026-08-19T11:27:20.247341,2026-09-02T11:27:20.247341,DELIVERED,"{""order_id"": ""ORD-000062"", ""amount"": 273600.0}"
ORD-000063,CUST-004,PROD-002,SUP-015,17,$350.00,USD,2026-08-04T00:27:20.247341,2026-08-15T00:27:20.247341,DELAYED,"{""order_id"": ""ORD-000063"", ""amount"": 5950.0}"
ORD-000064,CUST-004,PROD-002,SUP-015,45,$350.00,USD,2026-08-11T03:27:20.247341,2026-08-25T03:27:20.247341,DELIVERED,"{""order_id"": ""ORD-000064"", ""amount"": 15750.0}"
ORD-000065,CUST-009,PROD-008,SUP-010,141,$890.00,USD,2026-07-29T23:27:20.247341,2026-08-04T23:27:20.247341,DELIVERED,"{""order_id"": ""ORD-000065"", ""amount"": 125490.0}"
ORD-000066,CUST-001,PROD-009,SUP-015,6,$3400.00,USD,2026-07-26T19:27:20.247341,2026-08-08T19:27:20.247341,IN_TRANSIT,"{""order_id"": ""ORD-000066"", ""amount"": 20400.0}"
ORD-000067,CUST-006,PROD-007,SUP-015,72,$3200.00,USD,2026-07-21T22:27:20.247341,2026-07-28T22:27:20.247341,DELIVERED,"{""order_id"": ""ORD-000067"", ""amount"": 230400.0}"
ORD-000068,CUST-003,PROD-007,SUP-015,101,$3200.00,USD,2026-07-30T14:27:20.247341,2026-08-14T14:27:20.247341,IN_TRANSIT,"{""order_id"": ""ORD-000068"", ""amount"": 323200.0}"
ORD-000069,CUST-004,PROD-004,SUP-012,24,$4800.00,USD,2026-08-15T13:27:20.247341,2026-08-23T13:27:20.247341,DELIVERED,"{""order_id"": ""ORD-000069"", ""amount"": 115200.0}"
ORD-000070,CUST-004,PROD-006,SUP-013,109,$1800.00,USD,2026-08-01T19:27:20.247341,2026-08-13T19:27:20.247341,DELIVERED,"{""order_id"": ""ORD-000070"", ""amount"": 196200.0}"
ORD-000071,CUST-002,PROD-009,SUP-015,155,$3400.00,USD,2026-08-12T19:27:20.247341,2026-08-25T19:27:20.247341,DELAYED,"{""order_id"": ""ORD-000071"", ""amount"": 527000.0}"
ORD-000072,CUST-010,PROD-006,SUP-013,141,$1800.00,USD,2026-08-11T21:27:20.247341,2026-08-22T21:27:20.247341,DELIVERED,"{""order_id"": ""ORD-000072"", ""amount"": 253800.0}"
ORD-000073,CUST-010,PROD-009,SUP-015,139,$3400.00,USD,2026-08-03T09:27:20.247341,2026-08-15T09:27:20.247341,DELIVERED,"{""order_id"": ""ORD-000073"", ""amount"": 472600.0}"
ORD-000074,CUST-009,PROD-010,SUP-004,85,$120.00,USD,2026-07-29T08:27:20.247341,2026-08-04T08:27:20.247341,DELIVERED,"{""order_id"": ""ORD-000074"", ""amount"": 10200.0}"
ORD-000075,CUST-006,PROD-007,SUP-015,63,$3200.00,USD,2026-07-26T22:27:20.247341,2026-08-07T22:27:20.247341,IN_TRANSIT,"{""order_id"": ""ORD-000075"", ""amount"": 201600.0}"
ORD-000076,CUST-004,PROD-007,SUP-015,122,$3200.00,USD,2026-07-28T04:27:20.247341,2026-08-09T04:27:20.247341,DELIVERED,"{""order_id"": ""ORD-000076"", ""amount"": 390400.0}"
ORD-000077,CUST-008,PROD-006,SUP-013,49,$1800.00,USD,2026-07-27T04:27:20.247341,2026-08-05T04:27:20.247341,DELIVERED,"{""order_id"": ""ORD-000077"", ""amount"": 88200.0}"
ORD-000078,CUST-001,PROD-006,SUP-013,109,$1800.00,USD,2026-08-15T07:27:20.247341,2026-08-28T07:27:20.247341,DELAYED,"{""order_id"": ""ORD-000078"", ""amount"": 196200.0}"
ORD-000079,CUST-010,PROD-002,SUP-015,133,$350.00,USD,2026-08-21T09:27:20.247341,2026-08-30T09:27:20.247341,DELIVERED,"{""order_id"": ""ORD-000079"", ""amount"": 46550.0}"
ORD-000080,CUST-003,PROD-004,SUP-012,86,$4800.00,USD,2026-08-28T06:27:20.247341,2026-09-08T06:27:20.247341,DELIVERED,"{""order_id"": ""ORD-000080"", ""amount"": 412800.0}"
ORD-000081,CUST-007,PROD-004,SUP-012,86,$4800.00,USD,2026-07-23T16:27:20.247341,2026-08-06T16:27:20.247341,IN_TRANSIT,"{""order_id"": ""ORD-000081"", ""amount"": 412800.0}"
ORD-000082,CUST-005,PROD-005,SUP-008,128,$2100.00,USD,2026-08-07T12:27:20.247341,2026-08-18T12:27:20.247341,DELIVERED,"{""order_id"": ""ORD-000082"", ""amount"": 268800.0}"
ORD-000083,CUST-005,PROD-009,SUP-015,147,$3400.00,USD,2026-08-20T08:27:20.247341,2026-08-28T08:27:20.247341,DELIVERED,"{""order_id"": ""ORD-000083"", ""amount"": 499800.0}"
ORD-000084,CUST-007,PROD-006,SUP-013,108,$1800.00,USD,2026-07-19T06:27:20.247341,2026-08-03T06:27:20.247341,DELIVERED,"{""order_id"": ""ORD-000084"", ""amount"": 194400.0}"
ORD-000085,CUST-009,PROD-003,SUP-013,174,$45.00,USD,2026-07-26T18:27:20.247341,2026-08-10T18:27:20.247341,DELIVERED,"{""order_id"": ""ORD-000085"", ""amount"": 7830.0}"
ORD-000086,CUST-006,PROD-004,SUP-012,105,$4800.00,USD,2026-08-14T02:27:20.247341,2026-08-25T02:27:20.247341,DELIVERED,"{""order_id"": ""ORD-000086"", ""amount"": 504000.0}"
ORD-000087,CUST-002,PROD-009,SUP-015,39,$3400.00,USD,2026-08-11T08:27:20.247341,2026-08-18T08:27:20.247341,IN_TRANSIT,"{""order_id"": ""ORD-000087"", ""amount"": 132600.0}"
ORD-000088,CUST-007,PROD-009,SUP-015,133,$3400.00,USD,2026-07-30T21:27:20.247341,2026-08-11T21:27:20.247341,DELIVERED,"{""order_id"": ""ORD-000088"", ""amount"": 452200.0}"
ORD-000089,CUST-001,PROD-005,SUP-008,140,$2100.00,USD,2026-08-28T15:27:20.247341,2026-09-07T15:27:20.247341,DELAYED,"{""order_id"": ""ORD-000089"", ""amount"": 294000.0}"
ORD-000090,CUST-004,PROD-007,SUP-015,34,$3200.00,USD,2026-08-19T18:27:20.247341,2026-08-30T18:27:20.247341,IN_TRANSIT,"{""order_id"": ""ORD-000090"", ""amount"": 108800.0}"
ORD-000091,CUST-003,PROD-002,SUP-015,101,$350.00,USD,2026-08-24T17:27:20.247341,2026-08-31T17:27:20.247341,DELIVERED,"{""order_id"": ""ORD-000091"", ""amount"": 35350.0}"
ORD-000092,CUST-002,PROD-008,SUP-010,25,$890.00,USD,2026-08-31T16:27:20.247341,2026-09-11T16:27:20.247341,IN_TRANSIT,"{""order_id"": ""ORD-000092"", ""amount"": 22250.0}"
ORD-000093,CUST-006,PROD-004,SUP-012,138,$4800.00,USD,2026-07-29T18:27:20.247341,2026-08-06T18:27:20.247341,DELIVERED,"{""order_id"": ""ORD-000093"", ""amount"": 662400.0}"
ORD-000094,CUST-006,PROD-003,SUP-013,47,$45.00,USD,2026-07-22T03:27:20.247341,2026-07-29T03:27:20.247341,IN_TRANSIT,"{""order_id"": ""ORD-000094"", ""amount"": 2115.0}"
ORD-000095,CUST-010,PROD-006,SUP-013,140,$1800.00,USD,2026-07-22T19:27:20.247341,2026-07-30T19:27:20.247341,DELIVERED,"{""order_id"": ""ORD-000095"", ""amount"": 252000.0}"
ORD-000096,CUST-007,PROD-009,SUP-015,157,$3400.00,USD,2026-08-19T15:27:20.247341,2026-08-25T15:27:20.247341,DELIVERED,"{""order_id"": ""ORD-000096"", ""amount"": 533800.0}"
ORD-000097,CUST-004,PROD-001,SUP-010,112,$1250.00,USD,2026-08-22T17:27:20.247341,2026-08-28T17:27:20.247341,DELIVERED,"{""order_id"": ""ORD-000097"", ""amount"": 140000.0}"
ORD-000098,CUST-007,PROD-005,SUP-008,9,$2100.00,USD,2026-07-27T09:27:20.247341,2026-08-05T09:27:20.247341,DELIVERED,"{""order_id"": ""ORD-000098"", ""amount"": 18900.0}"
ORD-000099,CUST-001,PROD-004,SUP-012,159,$4800.00,USD,2026-08-17T08:27:20.247341,2026-08-27T08:27:20.247341,DELIVERED,"{""order_id"": ""ORD-000099"", ""amount"": 763200.0}"
ORD-000100,CUST-007,PROD-009,SUP-015,154,$3400.00,USD,2026-08-10T04:27:20.247341,2026-08-22T04:27:20.247341,IN_TRANSIT,"{""order_id"": ""ORD-000100"", ""amount"": 523600.0}"
ORD-000101,CUST-002,PROD-004,SUP-012,109,$4800.00,USD,2026-08-02T11:27:20.247341,2026-08-13T11:27:20.247341,IN_TRANSIT,"{""order_id"": ""ORD-000101"", ""amount"": 523200.0}"
ORD-000102,CUST-002,PROD-002,SUP-015,8,$350.00,USD,2026-08-26T19:27:20.247341,2026-08-31T19:27:20.247341,DELIVERED,"{""order_id"": ""ORD-000102"", ""amount"": 2800.0}"
ORD-000103,CUST-009,PROD-002,SUP-015,25,$350.00,USD,2026-08-04T10:27:20.247341,2026-08-14T10:27:20.247341,DELIVERED,"{""order_id"": ""ORD-000103"", ""amount"": 8750.0}"
ORD-000104,CUST-007,PROD-003,SUP-013,34,$45.00,USD,2026-08-05T03:27:20.247341,2026-08-15T03:27:20.247341,DELIVERED,"{""order_id"": ""ORD-000104"", ""amount"": 1530.0}"
ORD-000105,CUST-002,PROD-007,SUP-015,155,$3200.00,USD,2026-07-23T04:27:20.247341,2026-08-01T04:27:20.247341,IN_TRANSIT,"{""order_id"": ""ORD-000105"", ""amount"": 496000.0}"
ORD-000106,CUST-007,PROD-002,SUP-015,160,$350.00,USD,2026-08-19T05:27:20.247341,2026-08-28T05:27:20.247341,DELAYED,"{""order_id"": ""ORD-000106"", ""amount"": 56000.0}"
ORD-000107,CUST-002,PROD-002,SUP-015,106,$350.00,USD,2026-07-25T01:27:20.247341,2026-08-05T01:27:20.247341,DELIVERED,"{""order_id"": ""ORD-000107"", ""amount"": 37100.0}"
ORD-000108,CUST-006,PROD-005,SUP-008,100,$2100.00,USD,2026-07-23T11:27:20.247341,2026-08-02T11:27:20.247341,DELIVERED,"{""order_id"": ""ORD-000108"", ""amount"": 210000.0}"
ORD-000109,CUST-006,PROD-010,SUP-004,166,$120.00,USD,2026-08-24T02:27:20.247341,2026-09-06T02:27:20.247341,DELIVERED,"{""order_id"": ""ORD-000109"", ""amount"": 19920.0}"
ORD-000110,CUST-008,PROD-010,SUP-004,127,$120.00,USD,2026-07-30T16:27:20.247341,2026-08-14T16:27:20.247341,IN_TRANSIT,"{""order_id"": ""ORD-000110"", ""amount"": 15240.0}"
ORD-000111,CUST-006,PROD-009,SUP-015,152,$3400.00,USD,2026-07-30T03:27:20.247341,2026-08-04T03:27:20.247341,DELIVERED,"{""order_id"": ""ORD-000111"", ""amount"": 516800.0}"
ORD-000112,CUST-002,PROD-010,SUP-004,75,$120.00,USD,2026-08-23T07:27:20.247341,2026-09-01T07:27:20.247341,DELIVERED,"{""order_id"": ""ORD-000112"", ""amount"": 9000.0}"
ORD-000113,CUST-006,PROD-007,SUP-015,87,$3200.00,USD,2026-08-24T12:27:20.247341,2026-09-07T12:27:20.247341,DELIVERED,"{""order_id"": ""ORD-000113"", ""amount"": 278400.0}"
ORD-000114,CUST-004,PROD-010,SUP-004,68,$120.00,USD,2026-07-26T23:27:20.247341,2026-08-07T23:27:20.247341,IN_TRANSIT,"{""order_id"": ""ORD-000114"", ""amount"": 8160.0}"
ORD-000115,CUST-007,PROD-001,SUP-010,179,$1250.00,USD,2026-07-21T12:27:20.247341,2026-08-02T12:27:20.247341,DELIVERED,"{""order_id"": ""ORD-000115"", ""amount"": 223750.0}"
ORD-000116,CUST-005,PROD-008,SUP-010,51,$890.00,USD,2026-08-07T22:27:20.247341,2026-08-16T22:27:20.247341,DELIVERED,"{""order_id"": ""ORD-000116"", ""amount"": 45390.0}"
ORD-000117,CUST-002,PROD-008,SUP-010,195,$890.00,USD,2026-08-17T14:27:20.247341,2026-08-23T14:27:20.247341,IN_TRANSIT,"{""order_id"": ""ORD-000117"", ""amount"": 173550.0}"
ORD-000118,CUST-007,PROD-003,SUP-013,13,$45.00,USD,2026-08-30T05:27:20.247341,2026-09-12T05:27:20.247341,IN_TRANSIT,"{""order_id"": ""ORD-000118"", ""amount"": 585.0}"
ORD-000119,CUST-008,PROD-004,SUP-012,126,$4800.00,USD,2026-08-25T21:27:20.247341,2026-09-08T21:27:20.247341,IN_TRANSIT,"{""order_id"": ""ORD-000119"", ""amount"": 604800.0}"
ORD-000120,CUST-003,PROD-003,SUP-013,92,$45.00,USD,2026-08-04T12:27:20.247341,2026-08-10T12:27:20.247341,IN_TRANSIT,"{""order_id"": ""ORD-000120"", ""amount"": 4140.0}"
ORD-000121,CUST-002,PROD-008,SUP-010,42,$890.00,USD,2026-07-20T05:27:20.247341,2026-08-01T05:27:20.247341,CUSTOMS_HOLD,"{""order_id"": ""ORD-000121"", ""amount"": 37380.0}"
ORD-000122,CUST-008,PROD-005,SUP-008,92,$2100.00,USD,2026-08-10T06:27:20.247341,2026-08-25T06:27:20.247341,DELAYED,"{""order_id"": ""ORD-000122"", ""amount"": 193200.0}"
ORD-000123,CUST-003,PROD-003,SUP-013,163,$45.00,USD,2026-08-17T00:27:20.247341,2026-08-27T00:27:20.247341,IN_TRANSIT,"{""order_id"": ""ORD-000123"", ""amount"": 7335.0}"
ORD-000124,CUST-003,PROD-007,SUP-015,160,$3200.00,USD,2026-08-30T02:27:20.247341,2026-09-05T02:27:20.247341,DELIVERED,"{""order_id"": ""ORD-000124"", ""amount"": 512000.0}"
ORD-000125,CUST-009,PROD-009,SUP-015,149,$3400.00,USD,2026-07-18T16:27:20.247341,2026-08-01T16:27:20.247341,DELIVERED,"{""order_id"": ""ORD-000125"", ""amount"": 506600.0}"
ORD-000126,CUST-007,PROD-006,SUP-013,183,$1800.00,USD,2026-07-20T05:27:20.247341,2026-08-04T05:27:20.247341,DELAYED,"{""order_id"": ""ORD-000126"", ""amount"": 329400.0}"
ORD-000127,CUST-010,PROD-001,SUP-010,84,$1250.00,USD,2026-08-19T08:27:20.247341,2026-08-25T08:27:20.247341,IN_TRANSIT,"{""order_id"": ""ORD-000127"", ""amount"": 105000.0}"
ORD-000128,CUST-007,PROD-006,SUP-013,112,$1800.00,USD,2026-08-03T00:27:20.247341,2026-08-09T00:27:20.247341,DELIVERED,"{""order_id"": ""ORD-000128"", ""amount"": 201600.0}"
ORD-000129,CUST-010,PROD-001,SUP-010,138,$1250.00,USD,2026-08-08T05:27:20.247341,2026-08-22T05:27:20.247341,IN_TRANSIT,"{""order_id"": ""ORD-000129"", ""amount"": 172500.0}"
ORD-000130,CUST-010,PROD-004,SUP-012,37,$4800.00,USD,2026-08-18T20:27:20.247341,2026-08-23T20:27:20.247341,DELAYED,"{""order_id"": ""ORD-000130"", ""amount"": 177600.0}"
ORD-000131,CUST-005,PROD-004,SUP-012,38,$4800.00,USD,2026-08-11T14:27:20.247341,2026-08-20T14:27:20.247341,DELIVERED,"{""order_id"": ""ORD-000131"", ""amount"": 182400.0}"
ORD-000132,CUST-006,PROD-008,SUP-010,34,$890.00,USD,2026-08-20T13:27:20.247341,2026-08-28T13:27:20.247341,IN_TRANSIT,"{""order_id"": ""ORD-000132"", ""amount"": 30260.0}"
ORD-000133,CUST-005,PROD-005,SUP-008,74,$2100.00,USD,2026-07-28T11:27:20.247341,2026-08-12T11:27:20.247341,IN_TRANSIT,"{""order_id"": ""ORD-000133"", ""amount"": 155400.0}"
ORD-000134,CUST-010,PROD-005,SUP-008,41,$2100.00,USD,2026-08-16T02:27:20.247341,2026-08-31T02:27:20.247341,IN_TRANSIT,"{""order_id"": ""ORD-000134"", ""amount"": 86100.0}"
ORD-000135,CUST-003,PROD-010,SUP-004,34,$120.00,USD,2026-08-06T15:27:20.247341,2026-08-14T15:27:20.247341,IN_TRANSIT,"{""order_id"": ""ORD-000135"", ""amount"": 4080.0}"
ORD-000136,CUST-004,PROD-007,SUP-015,120,$3200.00,USD,2026-08-14T15:27:20.247341,2026-08-24T15:27:20.247341,IN_TRANSIT,"{""order_id"": ""ORD-000136"", ""amount"": 384000.0}"
ORD-000137,CUST-009,PROD-002,SUP-015,68,$350.00,USD,2026-08-04T14:27:20.247341,2026-08-13T14:27:20.247341,CUSTOMS_HOLD,"{""order_id"": ""ORD-000137"", ""amount"": 23800.0}"
ORD-000138,CUST-004,PROD-005,SUP-008,114,$2100.00,USD,2026-08-20T17:27:20.247341,2026-08-27T17:27:20.247341,DELIVERED,"{""order_id"": ""ORD-000138"", ""amount"": 239400.0}"
ORD-000139,CUST-006,PROD-006,SUP-013,142,$1800.00,USD,2026-08-15T20:27:20.247341,2026-08-20T20:27:20.247341,DELIVERED,"{""order_id"": ""ORD-000139"", ""amount"": 255600.0}"
ORD-000140,CUST-004,PROD-002,SUP-015,170,$350.00,USD,2026-08-15T23:27:20.247341,2026-08-24T23:27:20.247341,DELIVERED,"{""order_id"": ""ORD-000140"", ""amount"": 59500.0}"
ORD-000141,CUST-002,PROD-006,SUP-013,101,$1800.00,USD,2026-08-07T06:27:20.247341,2026-08-13T06:27:20.247341,DELIVERED,"{""order_id"": ""ORD-000141"", ""amount"": 181800.0}"
ORD-000142,CUST-008,PROD-009,SUP-015,195,$3400.00,USD,2026-07-23T10:27:20.247341,2026-07-28T10:27:20.247341,DELIVERED,"{""order_id"": ""ORD-000142"", ""amount"": 663000.0}"
ORD-000143,CUST-009,PROD-008,SUP-010,83,$890.00,USD,2026-08-03T15:27:20.247341,2026-08-08T15:27:20.247341,IN_TRANSIT,"{""order_id"": ""ORD-000143"", ""amount"": 73870.0}"
ORD-000144,CUST-002,PROD-003,SUP-013,33,$45.00,USD,2026-08-19T12:27:20.247341,2026-08-24T12:27:20.247341,CUSTOMS_HOLD,"{""order_id"": ""ORD-000144"", ""amount"": 1485.0}"
ORD-000145,CUST-002,PROD-006,SUP-013,30,$1800.00,USD,2026-08-08T02:27:20.247341,2026-08-16T02:27:20.247341,CUSTOMS_HOLD,"{""order_id"": ""ORD-000145"", ""amount"": 54000.0}"
ORD-000146,CUST-005,PROD-002,SUP-015,93,$350.00,USD,2026-07-23T15:27:20.247341,2026-08-02T15:27:20.247341,DELIVERED,"{""order_id"": ""ORD-000146"", ""amount"": 32550.0}"
ORD-000147,CUST-001,PROD-003,SUP-013,64,$45.00,USD,2026-08-28T06:27:20.247341,2026-09-12T06:27:20.247341,DELIVERED,"{""order_id"": ""ORD-000147"", ""amount"": 2880.0}"
ORD-000148,CUST-007,PROD-002,SUP-015,61,$350.00,USD,2026-08-10T08:27:20.247341,2026-08-20T08:27:20.247341,DELIVERED,"{""order_id"": ""ORD-000148"", ""amount"": 21350.0}"
ORD-000149,CUST-006,PROD-010,SUP-004,90,$120.00,USD,2026-08-08T02:27:20.247341,2026-08-19T02:27:20.247341,DELIVERED,"{""order_id"": ""ORD-000149"", ""amount"": 10800.0}"
ORD-000150,CUST-007,PROD-005,SUP-008,51,$2100.00,USD,2026-08-12T18:27:20.247341,2026-08-24T18:27:20.247341,DELIVERED,"{""order_id"": ""ORD-000150"", ""amount"": 107100.0}"
ORD-000151,CUST-004,PROD-003,SUP-013,192,$45.00,USD,2026-08-29T22:27:20.247341,2026-09-09T22:27:20.247341,DELAYED,"{""order_id"": ""ORD-000151"", ""amount"": 8640.0}"
ORD-000152,CUST-007,PROD-009,SUP-015,118,$3400.00,USD,2026-08-02T16:27:20.247341,2026-08-17T16:27:20.247341,IN_TRANSIT,"{""order_id"": ""ORD-000152"", ""amount"": 401200.0}"
ORD-000153,CUST-009,PROD-010,SUP-004,87,$120.00,USD,2026-08-10T10:27:20.247341,2026-08-18T10:27:20.247341,DELAYED,"{""order_id"": ""ORD-000153"", ""amount"": 10440.0}"
ORD-000154,CUST-001,PROD-006,SUP-013,184,$1800.00,USD,2026-08-27T13:27:20.247341,2026-09-09T13:27:20.247341,DELAYED,"{""order_id"": ""ORD-000154"", ""amount"": 331200.0}"
ORD-000155,CUST-009,PROD-010,SUP-004,121,$120.00,USD,2026-08-09T12:27:20.247341,2026-08-21T12:27:20.247341,DELIVERED,"{""order_id"": ""ORD-000155"", ""amount"": 14520.0}"
ORD-000156,CUST-007,PROD-007,SUP-015,185,$3200.00,USD,2026-08-31T21:27:20.247341,2026-09-08T21:27:20.247341,DELAYED,"{""order_id"": ""ORD-000156"", ""amount"": 592000.0}"
ORD-000157,CUST-008,PROD-009,SUP-015,102,$3400.00,USD,2026-07-22T02:27:20.247341,2026-07-31T02:27:20.247341,DELAYED,"{""order_id"": ""ORD-000157"", ""amount"": 346800.0}"
ORD-000158,CUST-004,PROD-009,SUP-015,191,$3400.00,USD,2026-08-04T17:27:20.247341,2026-08-18T17:27:20.247341,DELIVERED,"{""order_id"": ""ORD-000158"", ""amount"": 649400.0}"
ORD-000159,CUST-003,PROD-006,SUP-013,59,$1800.00,USD,2026-07-30T16:27:20.247341,2026-08-08T16:27:20.247341,IN_TRANSIT,"{""order_id"": ""ORD-000159"", ""amount"": 106200.0}"
ORD-000160,CUST-006,PROD-005,SUP-008,130,$2100.00,USD,2026-07-29T12:27:20.247341,2026-08-13T12:27:20.247341,DELIVERED,"{""order_id"": ""ORD-000160"", ""amount"": 273000.0}"
ORD-000161,CUST-010,PROD-007,SUP-015,185,$3200.00,USD,2026-08-05T09:27:20.247341,2026-08-20T09:27:20.247341,DELIVERED,"{""order_id"": ""ORD-000161"", ""amount"": 592000.0}"
ORD-000162,CUST-010,PROD-001,SUP-010,75,$1250.00,USD,2026-08-29T14:27:20.247341,2026-09-11T14:27:20.247341,DELIVERED,"{""order_id"": ""ORD-000162"", ""amount"": 93750.0}"
ORD-000163,CUST-007,PROD-004,SUP-012,123,$4800.00,USD,2026-08-13T04:27:20.247341,2026-08-18T04:27:20.247341,DELIVERED,"{""order_id"": ""ORD-000163"", ""amount"": 590400.0}"
ORD-000164,CUST-002,PROD-009,SUP-015,67,$3400.00,USD,2026-08-08T14:27:20.247341,2026-08-23T14:27:20.247341,DELAYED,"{""order_id"": ""ORD-000164"", ""amount"": 227800.0}"
ORD-000165,CUST-001,PROD-010,SUP-004,182,$120.00,USD,2026-08-30T13:27:20.247341,2026-09-09T13:27:20.247341,DELIVERED,"{""order_id"": ""ORD-000165"", ""amount"": 21840.0}"
ORD-000166,CUST-005,PROD-005,SUP-008,170,$2100.00,USD,2026-08-01T08:27:20.247341,2026-08-15T08:27:20.247341,CUSTOMS_HOLD,"{""order_id"": ""ORD-000166"", ""amount"": 357000.0}"
ORD-000167,CUST-003,PROD-002,SUP-015,169,$350.00,USD,2026-08-04T03:27:20.247341,2026-08-09T03:27:20.247341,DELIVERED,"{""order_id"": ""ORD-000167"", ""amount"": 59150.0}"
ORD-000168,CUST-007,PROD-009,SUP-015,156,$3400.00,USD,2026-08-03T22:27:20.247341,2026-08-16T22:27:20.247341,DELIVERED,"{""order_id"": ""ORD-000168"", ""amount"": 530400.0}"
ORD-000169,CUST-002,PROD-007,SUP-015,133,$3200.00,USD,2026-08-05T02:27:20.247341,2026-08-19T02:27:20.247341,IN_TRANSIT,"{""order_id"": ""ORD-000169"", ""amount"": 425600.0}"
ORD-000170,CUST-008,PROD-004,SUP-012,189,$4800.00,USD,2026-08-13T21:27:20.247341,2026-08-18T21:27:20.247341,IN_TRANSIT,"{""order_id"": ""ORD-000170"", ""amount"": 907200.0}"
ORD-000171,CUST-001,PROD-006,SUP-013,13,$1800.00,USD,2026-07-30T02:27:20.247341,2026-08-11T02:27:20.247341,DELIVERED,"{""order_id"": ""ORD-000171"", ""amount"": 23400.0}"
ORD-000172,CUST-008,PROD-007,SUP-015,96,$3200.00,USD,2026-07-30T11:27:20.247341,2026-08-13T11:27:20.247341,DELIVERED,"{""order_id"": ""ORD-000172"", ""amount"": 307200.0}"
ORD-000173,CUST-002,PROD-008,SUP-010,9,$890.00,USD,2026-08-01T00:27:20.247341,2026-08-08T00:27:20.247341,IN_TRANSIT,"{""order_id"": ""ORD-000173"", ""amount"": 8010.0}"
ORD-000174,CUST-006,PROD-006,SUP-013,150,$1800.00,USD,2026-08-31T01:27:20.247341,2026-09-05T01:27:20.247341,DELIVERED,"{""order_id"": ""ORD-000174"", ""amount"": 270000.0}"
ORD-000175,CUST-010,PROD-005,SUP-008,46,$2100.00,USD,2026-08-28T00:27:20.247341,2026-09-11T00:27:20.247341,DELIVERED,"{""order_id"": ""ORD-000175"", ""amount"": 96600.0}"
ORD-000176,CUST-009,PROD-009,SUP-015,194,$3400.00,USD,2026-08-01T18:27:20.247341,2026-08-16T18:27:20.247341,IN_TRANSIT,"{""order_id"": ""ORD-000176"", ""amount"": 659600.0}"
ORD-000177,CUST-010,PROD-004,SUP-012,87,$4800.00,USD,2026-08-07T18:27:20.247341,2026-08-16T18:27:20.247341,IN_TRANSIT,"{""order_id"": ""ORD-000177"", ""amount"": 417600.0}"
ORD-000178,CUST-007,PROD-002,SUP-015,111,$350.00,USD,2026-07-24T09:27:20.247341,2026-08-05T09:27:20.247341,DELIVERED,"{""order_id"": ""ORD-000178"", ""amount"": 38850.0}"
ORD-000179,CUST-005,PROD-005,SUP-008,73,$2100.00,USD,2026-08-19T20:27:20.247341,2026-08-24T20:27:20.247341,DELIVERED,"{""order_id"": ""ORD-000179"", ""amount"": 153300.0}"
ORD-000180,CUST-006,PROD-010,SUP-004,112,$120.00,USD,2026-08-30T05:27:20.247341,2026-09-08T05:27:20.247341,DELIVERED,"{""order_id"": ""ORD-000180"", ""amount"": 13440.0}"
ORD-000181,CUST-008,PROD-010,SUP-004,122,$120.00,USD,2026-08-30T05:27:20.247341,2026-09-07T05:27:20.247341,DELAYED,"{""order_id"": ""ORD-000181"", ""amount"": 14640.0}"
ORD-000182,CUST-004,PROD-001,SUP-010,125,$1250.00,USD,2026-08-25T14:27:20.247341,2026-09-07T14:27:20.247341,DELIVERED,"{""order_id"": ""ORD-000182"", ""amount"": 156250.0}"
ORD-000183,CUST-002,PROD-002,SUP-015,74,$350.00,USD,2026-08-02T08:27:20.247341,2026-08-10T08:27:20.247341,CUSTOMS_HOLD,"{""order_id"": ""ORD-000183"", ""amount"": 25900.0}"
ORD-000184,CUST-009,PROD-006,SUP-013,7,$1800.00,USD,2026-08-24T03:27:20.247341,2026-08-29T03:27:20.247341,IN_TRANSIT,"{""order_id"": ""ORD-000184"", ""amount"": 12600.0}"
ORD-000185,CUST-006,PROD-005,SUP-008,71,$2100.00,USD,2026-08-13T01:27:20.247341,2026-08-28T01:27:20.247341,DELIVERED,"{""order_id"": ""ORD-000185"", ""amount"": 149100.0}"
ORD-000186,CUST-001,PROD-006,SUP-013,103,$1800.00,USD,2026-08-02T19:27:20.247341,2026-08-14T19:27:20.247341,DELIVERED,"{""order_id"": ""ORD-000186"", ""amount"": 185400.0}"
ORD-000187,CUST-008,PROD-006,SUP-013,92,$1800.00,USD,2026-08-21T03:27:20.247341,2026-09-01T03:27:20.247341,CUSTOMS_HOLD,"{""order_id"": ""ORD-000187"", ""amount"": 165600.0}"
ORD-000188,CUST-001,PROD-009,SUP-015,124,$3400.00,USD,2026-08-02T21:27:20.247341,2026-08-10T21:27:20.247341,DELIVERED,"{""order_id"": ""ORD-000188"", ""amount"": 421600.0}"
ORD-000189,CUST-001,PROD-008,SUP-010,140,$890.00,USD,2026-08-22T07:27:20.247341,2026-09-05T07:27:20.247341,DELIVERED,"{""order_id"": ""ORD-000189"", ""amount"": 124600.0}"
ORD-000190,CUST-008,PROD-003,SUP-013,108,$45.00,USD,2026-08-07T18:27:20.247341,2026-08-12T18:27:20.247341,IN_TRANSIT,"{""order_id"": ""ORD-000190"", ""amount"": 4860.0}"
ORD-000191,CUST-009,PROD-010,SUP-004,76,$120.00,USD,2026-07-26T15:27:20.247341,2026-08-08T15:27:20.247341,DELAYED,"{""order_id"": ""ORD-000191"", ""amount"": 9120.0}"
ORD-000192,CUST-003,PROD-009,SUP-015,160,$3400.00,USD,2026-08-26T10:27:20.247341,2026-09-08T10:27:20.247341,DELIVERED,"{""order_id"": ""ORD-000192"", ""amount"": 544000.0}"
ORD-000193,CUST-010,PROD-008,SUP-010,195,$890.00,USD,2026-08-19T10:27:20.247341,2026-08-31T10:27:20.247341,DELAYED,"{""order_id"": ""ORD-000193"", ""amount"": 173550.0}"
ORD-000194,CUST-008,PROD-009,SUP-015,163,$3400.00,USD,2026-08-04T17:27:20.247341,2026-08-13T17:27:20.247341,DELIVERED,"{""order_id"": ""ORD-000194"", ""amount"": 554200.0}"
ORD-000195,CUST-001,PROD-001,SUP-010,158,$1250.00,USD,2026-08-11T20:27:20.247341,2026-08-24T20:27:20.247341,IN_TRANSIT,"{""order_id"": ""ORD-000195"", ""amount"": 197500.0}"
ORD-000196,CUST-002,PROD-005,SUP-008,192,$2100.00,USD,2026-08-23T08:27:20.247341,2026-08-29T08:27:20.247341,DELIVERED,"{""order_id"": ""ORD-000196"", ""amount"": 403200.0}"
ORD-000197,CUST-009,PROD-005,SUP-008,119,$2100.00,USD,2026-08-19T09:27:20.247341,2026-08-27T09:27:20.247341,DELIVERED,"{""order_id"": ""ORD-000197"", ""amount"": 249900.0}"
ORD-000198,CUST-002,PROD-002,SUP-015,181,$350.00,USD,2026-08-23T23:27:20.247341,2026-09-05T23:27:20.247341,DELIVERED,"{""order_id"": ""ORD-000198"", ""amount"": 63350.0}"
ORD-000199,CUST-007,PROD-008,SUP-010,163,$890.00,USD,2026-08-07T03:27:20.247341,2026-08-22T03:27:20.247341,DELIVERED,"{""order_id"": ""ORD-000199"", ""amount"": 145070.0}"
ORD-000200,CUST-008,PROD-008,SUP-010,200,$890.00,USD,2026-08-13T01:27:20.247341,2026-08-27T01:27:20.247341,DELIVERED,"{""order_id"": ""ORD-000200"", ""amount"": 178000.0}"
ORD-000201,CUST-009,PROD-005,SUP-008,180,$2100.00,USD,2026-08-30T09:27:20.247341,2026-09-08T09:27:20.247341,DELIVERED,"{""order_id"": ""ORD-000201"", ""amount"": 378000.0}"
ORD-000202,CUST-010,PROD-008,SUP-010,178,$890.00,USD,2026-08-27T16:27:20.247341,2026-09-01T16:27:20.247341,DELIVERED,"{""order_id"": ""ORD-000202"", ""amount"": 158420.0}"
ORD-000203,CUST-006,PROD-007,SUP-015,98,$3200.00,USD,2026-08-01T02:27:20.247341,2026-08-15T02:27:20.247341,DELIVERED,"{""order_id"": ""ORD-000203"", ""amount"": 313600.0}"
ORD-000204,CUST-002,PROD-010,SUP-004,156,$120.00,USD,2026-08-18T01:27:20.247341,2026-08-23T01:27:20.247341,IN_TRANSIT,"{""order_id"": ""ORD-000204"", ""amount"": 18720.0}"
ORD-000205,CUST-009,PROD-002,SUP-015,29,$350.00,USD,2026-07-24T10:27:20.247341,2026-08-05T10:27:20.247341,DELIVERED,"{""order_id"": ""ORD-000205"", ""amount"": 10150.0}"
ORD-000206,CUST-003,PROD-010,SUP-004,58,$120.00,USD,2026-08-21T20:27:20.247341,2026-09-05T20:27:20.247341,DELIVERED,"{""order_id"": ""ORD-000206"", ""amount"": 6960.0}"
ORD-000207,CUST-008,PROD-009,SUP-015,187,$3400.00,USD,2026-08-24T16:27:20.247341,2026-09-07T16:27:20.247341,IN_TRANSIT,"{""order_id"": ""ORD-000207"", ""amount"": 635800.0}"
ORD-000208,CUST-002,PROD-002,SUP-015,128,$350.00,USD,2026-08-31T17:27:20.247341,2026-09-15T17:27:20.247341,DELIVERED,"{""order_id"": ""ORD-000208"", ""amount"": 44800.0}"
ORD-000209,CUST-001,PROD-003,SUP-013,164,$45.00,USD,2026-08-05T01:27:20.247341,2026-08-14T01:27:20.247341,DELIVERED,"{""order_id"": ""ORD-000209"", ""amount"": 7380.0}"
ORD-000210,CUST-005,PROD-004,SUP-012,12,$4800.00,USD,2026-07-18T15:27:20.247341,2026-07-26T15:27:20.247341,IN_TRANSIT,"{""order_id"": ""ORD-000210"", ""amount"": 57600.0}"
ORD-000211,CUST-009,PROD-006,SUP-013,197,$1800.00,USD,2026-08-17T17:27:20.247341,2026-08-22T17:27:20.247341,DELAYED,"{""order_id"": ""ORD-000211"", ""amount"": 354600.0}"
ORD-000212,CUST-004,PROD-004,SUP-012,130,$4800.00,USD,2026-08-28T02:27:20.247341,2026-09-05T02:27:20.247341,DELIVERED,"{""order_id"": ""ORD-000212"", ""amount"": 624000.0}"
ORD-000213,CUST-009,PROD-009,SUP-015,166,$3400.00,USD,2026-08-18T17:27:20.247341,2026-08-30T17:27:20.247341,IN_TRANSIT,"{""order_id"": ""ORD-000213"", ""amount"": 564400.0}"
ORD-000214,CUST-010,PROD-001,SUP-010,137,$1250.00,USD,2026-08-29T11:27:20.247341,2026-09-10T11:27:20.247341,CUSTOMS_HOLD,"{""order_id"": ""ORD-000214"", ""amount"": 171250.0}"
ORD-000215,CUST-004,PROD-005,SUP-008,90,$2100.00,USD,2026-07-30T13:27:20.247341,2026-08-09T13:27:20.247341,DELIVERED,"{""order_id"": ""ORD-000215"", ""amount"": 189000.0}"
ORD-000216,CUST-005,PROD-009,SUP-015,115,$3400.00,USD,2026-08-05T14:27:20.247341,2026-08-13T14:27:20.247341,IN_TRANSIT,"{""order_id"": ""ORD-000216"", ""amount"": 391000.0}"
ORD-000217,CUST-004,PROD-007,SUP-015,173,$3200.00,USD,2026-08-23T14:27:20.247341,2026-09-04T14:27:20.247341,DELIVERED,"{""order_id"": ""ORD-000217"", ""amount"": 553600.0}"
ORD-000218,CUST-010,PROD-007,SUP-015,156,$3200.00,USD,2026-07-24T02:27:20.247341,2026-07-31T02:27:20.247341,IN_TRANSIT,"{""order_id"": ""ORD-000218"", ""amount"": 499200.0}"
ORD-000219,CUST-004,PROD-002,SUP-015,166,$350.00,USD,2026-08-20T23:27:20.247341,2026-08-26T23:27:20.247341,DELIVERED,"{""order_id"": ""ORD-000219"", ""amount"": 58100.0}"
ORD-000220,CUST-005,PROD-008,SUP-010,126,$890.00,USD,2026-08-10T01:27:20.247341,2026-08-23T01:27:20.247341,IN_TRANSIT,"{""order_id"": ""ORD-000220"", ""amount"": 112140.0}"
ORD-000221,CUST-010,PROD-001,SUP-010,72,$1250.00,USD,2026-08-04T22:27:20.247341,2026-08-13T22:27:20.247341,DELIVERED,"{""order_id"": ""ORD-000221"", ""amount"": 90000.0}"
ORD-000222,CUST-006,PROD-002,SUP-015,196,$350.00,USD,2026-08-11T18:27:20.247341,2026-08-19T18:27:20.247341,DELIVERED,"{""order_id"": ""ORD-000222"", ""amount"": 68600.0}"
ORD-000223,CUST-003,PROD-004,SUP-012,121,$4800.00,USD,2026-08-30T15:27:20.247341,2026-09-05T15:27:20.247341,DELIVERED,"{""order_id"": ""ORD-000223"", ""amount"": 580800.0}"
ORD-000224,CUST-007,PROD-002,SUP-015,121,$350.00,USD,2026-08-30T10:27:20.247341,2026-09-13T10:27:20.247341,DELIVERED,"{""order_id"": ""ORD-000224"", ""amount"": 42350.0}"
ORD-000225,CUST-008,PROD-009,SUP-015,75,$3400.00,USD,2026-08-01T09:27:20.247341,2026-08-08T09:27:20.247341,DELIVERED,"{""order_id"": ""ORD-000225"", ""amount"": 255000.0}"
ORD-000226,CUST-008,PROD-006,SUP-013,195,$1800.00,USD,2026-08-22T14:27:20.247341,2026-08-28T14:27:20.247341,DELAYED,"{""order_id"": ""ORD-000226"", ""amount"": 351000.0}"
ORD-000227,CUST-003,PROD-008,SUP-010,63,$890.00,USD,2026-08-01T13:27:20.247341,2026-08-11T13:27:20.247341,IN_TRANSIT,"{""order_id"": ""ORD-000227"", ""amount"": 56070.0}"
ORD-000228,CUST-008,PROD-009,SUP-015,70,$3400.00,USD,2026-08-08T19:27:20.247341,2026-08-14T19:27:20.247341,DELIVERED,"{""order_id"": ""ORD-000228"", ""amount"": 238000.0}"
ORD-000229,CUST-008,PROD-009,SUP-015,33,$3400.00,USD,2026-08-06T10:27:20.247341,2026-08-21T10:27:20.247341,DELIVERED,"{""order_id"": ""ORD-000229"", ""amount"": 112200.0}"
ORD-000230,CUST-001,PROD-008,SUP-010,182,$890.00,USD,2026-08-03T18:27:20.247341,2026-08-11T18:27:20.247341,IN_TRANSIT,"{""order_id"": ""ORD-000230"", ""amount"": 161980.0}"
ORD-000231,CUST-002,PROD-007,SUP-015,111,$3200.00,USD,2026-08-22T06:27:20.247341,2026-08-28T06:27:20.247341,DELAYED,"{""order_id"": ""ORD-000231"", ""amount"": 355200.0}"
ORD-000232,CUST-004,PROD-006,SUP-013,36,$1800.00,USD,2026-07-20T23:27:20.247341,2026-07-27T23:27:20.247341,DELAYED,"{""order_id"": ""ORD-000232"", ""amount"": 64800.0}"
ORD-000233,CUST-010,PROD-001,SUP-010,62,$1250.00,USD,2026-08-27T20:27:20.247341,2026-09-02T20:27:20.247341,DELIVERED,"{""order_id"": ""ORD-000233"", ""amount"": 77500.0}"
ORD-000234,CUST-001,PROD-001,SUP-010,32,$1250.00,USD,2026-08-29T15:27:20.247341,2026-09-03T15:27:20.247341,IN_TRANSIT,"{""order_id"": ""ORD-000234"", ""amount"": 40000.0}"
ORD-000235,CUST-001,PROD-010,SUP-004,18,$120.00,USD,2026-08-03T20:27:20.247341,2026-08-16T20:27:20.247341,DELIVERED,"{""order_id"": ""ORD-000235"", ""amount"": 2160.0}"
ORD-000236,CUST-001,PROD-008,SUP-010,18,$890.00,USD,2026-08-17T19:27:20.247341,2026-08-27T19:27:20.247341,IN_TRANSIT,"{""order_id"": ""ORD-000236"", ""amount"": 16020.0}"
ORD-000237,CUST-001,PROD-010,SUP-004,193,$120.00,USD,2026-08-14T01:27:20.247341,2026-08-19T01:27:20.247341,DELAYED,"{""order_id"": ""ORD-000237"", ""amount"": 23160.0}"
ORD-000238,CUST-002,PROD-010,SUP-004,180,$120.00,USD,2026-08-04T06:27:20.247341,2026-08-13T06:27:20.247341,DELIVERED,"{""order_id"": ""ORD-000238"", ""amount"": 21600.0}"
ORD-000239,CUST-006,PROD-006,SUP-013,65,$1800.00,USD,2026-08-21T14:27:20.247341,2026-08-27T14:27:20.247341,IN_TRANSIT,"{""order_id"": ""ORD-000239"", ""amount"": 117000.0}"
ORD-000240,CUST-007,PROD-010,SUP-004,59,$120.00,USD,2026-07-18T06:27:20.247341,2026-07-27T06:27:20.247341,DELIVERED,"{""order_id"": ""ORD-000240"", ""amount"": 7080.0}"
ORD-000241,CUST-002,PROD-007,SUP-015,9,$3200.00,USD,2026-07-23T12:27:20.247341,2026-08-03T12:27:20.247341,DELIVERED,"{""order_id"": ""ORD-000241"", ""amount"": 28800.0}"
ORD-000242,CUST-001,PROD-002,SUP-015,147,$350.00,USD,2026-08-04T09:27:20.247341,2026-08-14T09:27:20.247341,DELIVERED,"{""order_id"": ""ORD-000242"", ""amount"": 51450.0}"
ORD-000243,CUST-004,PROD-002,SUP-015,166,$350.00,USD,2026-08-29T01:27:20.247341,2026-09-08T01:27:20.247341,IN_TRANSIT,"{""order_id"": ""ORD-000243"", ""amount"": 58100.0}"
ORD-000244,CUST-001,PROD-001,SUP-010,96,$1250.00,USD,2026-07-25T02:27:20.247341,2026-08-02T02:27:20.247341,DELIVERED,"{""order_id"": ""ORD-000244"", ""amount"": 120000.0}"
ORD-000245,CUST-005,PROD-006,SUP-013,150,$1800.00,USD,2026-08-14T20:27:20.247341,2026-08-24T20:27:20.247341,DELIVERED,"{""order_id"": ""ORD-000245"", ""amount"": 270000.0}"
ORD-000246,CUST-004,PROD-010,SUP-004,173,$120.00,USD,2026-07-31T02:27:20.247341,2026-08-11T02:27:20.247341,DELIVERED,"{""order_id"": ""ORD-000246"", ""amount"": 20760.0}"
ORD-000247,CUST-002,PROD-001,SUP-010,84,$1250.00,USD,2026-08-20T11:27:20.247341,2026-09-03T11:27:20.247341,CUSTOMS_HOLD,"{""order_id"": ""ORD-000247"", ""amount"": 105000.0}"
ORD-000248,CUST-002,PROD-006,SUP-013,195,$1800.00,USD,2026-08-09T14:27:20.247341,2026-08-16T14:27:20.247341,IN_TRANSIT,"{""order_id"": ""ORD-000248"", ""amount"": 351000.0}"
ORD-000249,CUST-005,PROD-002,SUP-015,159,$350.00,USD,2026-08-26T01:27:20.247341,2026-09-05T01:27:20.247341,DELAYED,"{""order_id"": ""ORD-000249"", ""amount"": 55650.0}"
ORD-000250,CUST-001,PROD-005,SUP-008,154,$2100.00,USD,2026-08-02T00:27:20.247341,2026-08-10T00:27:20.247341,DELIVERED,"{""order_id"": ""ORD-000250"", ""amount"": 323400.0}"
ORD-000251,CUST-004,PROD-010,SUP-004,100,$120.00,USD,2026-08-23T13:27:20.247341,2026-09-02T13:27:20.247341,IN_TRANSIT,"{""order_id"": ""ORD-000251"", ""amount"": 12000.0}"
ORD-000252,CUST-006,PROD-002,SUP-015,92,$350.00,USD,2026-07-23T19:27:20.247341,2026-08-03T19:27:20.247341,DELIVERED,"{""order_id"": ""ORD-000252"", ""amount"": 32200.0}"
ORD-000253,CUST-002,PROD-010,SUP-004,162,$120.00,USD,2026-08-30T12:27:20.247341,2026-09-04T12:27:20.247341,IN_TRANSIT,"{""order_id"": ""ORD-000253"", ""amount"": 19440.0}"
ORD-000254,CUST-004,PROD-002,SUP-015,159,$350.00,USD,2026-08-02T01:27:20.247341,2026-08-11T01:27:20.247341,DELAYED,"{""order_id"": ""ORD-000254"", ""amount"": 55650.0}"
ORD-000255,CUST-008,PROD-008,SUP-010,186,$890.00,USD,2026-08-12T09:27:20.247341,2026-08-20T09:27:20.247341,DELIVERED,"{""order_id"": ""ORD-000255"", ""amount"": 165540.0}"
ORD-000256,CUST-006,PROD-009,SUP-015,44,$3400.00,USD,2026-07-22T11:27:20.247341,2026-08-05T11:27:20.247341,DELIVERED,"{""order_id"": ""ORD-000256"", ""amount"": 149600.0}"
ORD-000257,CUST-010,PROD-001,SUP-010,135,$1250.00,USD,2026-08-11T14:27:20.247341,2026-08-16T14:27:20.247341,DELAYED,"{""order_id"": ""ORD-000257"", ""amount"": 168750.0}"
ORD-000258,CUST-009,PROD-003,SUP-013,51,$45.00,USD,2026-08-14T18:27:20.247341,2026-08-27T18:27:20.247341,DELIVERED,"{""order_id"": ""ORD-000258"", ""amount"": 2295.0}"
ORD-000259,CUST-005,PROD-004,SUP-012,26,$4800.00,USD,2026-08-03T19:27:20.247341,2026-08-15T19:27:20.247341,DELIVERED,"{""order_id"": ""ORD-000259"", ""amount"": 124800.0}"
ORD-000260,CUST-005,PROD-002,SUP-015,116,$350.00,USD,2026-08-20T09:27:20.247341,2026-08-26T09:27:20.247341,DELIVERED,"{""order_id"": ""ORD-000260"", ""amount"": 40600.0}"
ORD-000261,CUST-008,PROD-007,SUP-015,51,$3200.00,USD,2026-08-21T06:27:20.247341,2026-09-03T06:27:20.247341,IN_TRANSIT,"{""order_id"": ""ORD-000261"", ""amount"": 163200.0}"
ORD-000262,CUST-003,PROD-010,SUP-004,129,$120.00,USD,2026-07-21T14:27:20.247341,2026-08-01T14:27:20.247341,DELIVERED,"{""order_id"": ""ORD-000262"", ""amount"": 15480.0}"
ORD-000263,CUST-009,PROD-010,SUP-004,89,$120.00,USD,2026-08-06T13:27:20.247341,2026-08-17T13:27:20.247341,IN_TRANSIT,"{""order_id"": ""ORD-000263"", ""amount"": 10680.0}"
ORD-000264,CUST-008,PROD-001,SUP-010,21,$1250.00,USD,2026-07-31T11:27:20.247341,2026-08-14T11:27:20.247341,IN_TRANSIT,"{""order_id"": ""ORD-000264"", ""amount"": 26250.0}"
ORD-000265,CUST-005,PROD-003,SUP-013,8,$45.00,USD,2026-08-26T08:27:20.247341,2026-09-01T08:27:20.247341,DELAYED,"{""order_id"": ""ORD-000265"", ""amount"": 360.0}"
ORD-000266,CUST-009,PROD-001,SUP-010,40,$1250.00,USD,2026-08-07T10:27:20.247341,2026-08-17T10:27:20.247341,DELIVERED,"{""order_id"": ""ORD-000266"", ""amount"": 50000.0}"
ORD-000267,CUST-006,PROD-005,SUP-008,60,$2100.00,USD,2026-08-18T23:27:20.247341,2026-08-27T23:27:20.247341,DELIVERED,"{""order_id"": ""ORD-000267"", ""amount"": 126000.0}"
ORD-000268,CUST-005,PROD-007,SUP-015,73,$3200.00,USD,2026-08-04T21:27:20.247341,2026-08-13T21:27:20.247341,DELIVERED,"{""order_id"": ""ORD-000268"", ""amount"": 233600.0}"
ORD-000269,CUST-001,PROD-005,SUP-008,7,$2100.00,USD,2026-07-30T01:27:20.247341,2026-08-11T01:27:20.247341,DELIVERED,"{""order_id"": ""ORD-000269"", ""amount"": 14700.0}"
ORD-000270,CUST-001,PROD-003,SUP-013,192,$45.00,USD,2026-08-31T19:27:20.247341,2026-09-08T19:27:20.247341,DELAYED,"{""order_id"": ""ORD-000270"", ""amount"": 8640.0}"
ORD-000271,CUST-004,PROD-007,SUP-015,173,$3200.00,USD,2026-07-24T07:27:20.247341,2026-08-03T07:27:20.247341,CUSTOMS_HOLD,"{""order_id"": ""ORD-000271"", ""amount"": 553600.0}"
ORD-000272,CUST-005,PROD-004,SUP-012,151,$4800.00,USD,2026-08-16T19:27:20.247341,2026-08-26T19:27:20.247341,IN_TRANSIT,"{""order_id"": ""ORD-000272"", ""amount"": 724800.0}"
ORD-000273,CUST-006,PROD-008,SUP-010,190,$890.00,USD,2026-07-26T08:27:20.247341,2026-08-02T08:27:20.247341,DELIVERED,"{""order_id"": ""ORD-000273"", ""amount"": 169100.0}"
ORD-000274,CUST-007,PROD-002,SUP-015,149,$350.00,USD,2026-08-21T13:27:20.247341,2026-08-26T13:27:20.247341,IN_TRANSIT,"{""order_id"": ""ORD-000274"", ""amount"": 52150.0}"
ORD-000275,CUST-004,PROD-004,SUP-012,86,$4800.00,USD,2026-08-08T10:27:20.247341,2026-08-20T10:27:20.247341,IN_TRANSIT,"{""order_id"": ""ORD-000275"", ""amount"": 412800.0}"
ORD-000276,CUST-010,PROD-002,SUP-015,199,$350.00,USD,2026-08-02T23:27:20.247341,2026-08-08T23:27:20.247341,DELIVERED,"{""order_id"": ""ORD-000276"", ""amount"": 69650.0}"
ORD-000277,CUST-006,PROD-008,SUP-010,200,$890.00,USD,2026-08-22T23:27:20.247341,2026-09-06T23:27:20.247341,DELAYED,"{""order_id"": ""ORD-000277"", ""amount"": 178000.0}"
ORD-000278,CUST-005,PROD-010,SUP-004,61,$120.00,USD,2026-08-11T10:27:20.247341,2026-08-20T10:27:20.247341,DELIVERED,"{""order_id"": ""ORD-000278"", ""amount"": 7320.0}"
ORD-000279,CUST-008,PROD-006,SUP-013,29,$1800.00,USD,2026-08-18T12:27:20.247341,2026-09-02T12:27:20.247341,DELAYED,"{""order_id"": ""ORD-000279"", ""amount"": 52200.0}"
ORD-000280,CUST-004,PROD-010,SUP-004,105,$120.00,USD,2026-07-27T17:27:20.247341,2026-08-08T17:27:20.247341,DELIVERED,"{""order_id"": ""ORD-000280"", ""amount"": 12600.0}"
ORD-000281,CUST-001,PROD-007,SUP-015,134,$3200.00,USD,2026-08-29T12:27:20.247341,2026-09-06T12:27:20.247341,DELAYED,"{""order_id"": ""ORD-000281"", ""amount"": 428800.0}"
ORD-000282,CUST-005,PROD-010,SUP-004,64,$120.00,USD,2026-08-15T07:27:20.247341,2026-08-27T07:27:20.247341,IN_TRANSIT,"{""order_id"": ""ORD-000282"", ""amount"": 7680.0}"
ORD-000283,CUST-001,PROD-008,SUP-010,163,$890.00,USD,2026-08-03T12:27:20.247341,2026-08-12T12:27:20.247341,DELIVERED,"{""order_id"": ""ORD-000283"", ""amount"": 145070.0}"
ORD-000284,CUST-004,PROD-010,SUP-004,85,$120.00,USD,2026-07-21T07:27:20.247341,2026-07-30T07:27:20.247341,DELAYED,"{""order_id"": ""ORD-000284"", ""amount"": 10200.0}"
ORD-000285,CUST-005,PROD-004,SUP-012,107,$4800.00,USD,2026-07-29T15:27:20.247341,2026-08-04T15:27:20.247341,DELIVERED,"{""order_id"": ""ORD-000285"", ""amount"": 513600.0}"
ORD-000286,CUST-002,PROD-008,SUP-010,73,$890.00,USD,2026-08-22T14:27:20.247341,2026-08-31T14:27:20.247341,DELIVERED,"{""order_id"": ""ORD-000286"", ""amount"": 64970.0}"
ORD-000287,CUST-006,PROD-004,SUP-012,165,$4800.00,USD,2026-08-26T20:27:20.247341,2026-09-02T20:27:20.247341,IN_TRANSIT,"{""order_id"": ""ORD-000287"", ""amount"": 792000.0}"
ORD-000288,CUST-010,PROD-005,SUP-008,119,$2100.00,USD,2026-07-24T21:27:20.247341,2026-07-30T21:27:20.247341,IN_TRANSIT,"{""order_id"": ""ORD-000288"", ""amount"": 249900.0}"
ORD-000289,CUST-006,PROD-006,SUP-013,123,$1800.00,USD,2026-07-18T09:27:20.247341,2026-07-31T09:27:20.247341,DELIVERED,"{""order_id"": ""ORD-000289"", ""amount"": 221400.0}"
ORD-000290,CUST-004,PROD-002,SUP-015,159,$350.00,USD,2026-08-12T08:27:20.247341,2026-08-25T08:27:20.247341,DELIVERED,"{""order_id"": ""ORD-000290"", ""amount"": 55650.0}"
ORD-000291,CUST-006,PROD-001,SUP-010,172,$1250.00,USD,2026-08-06T06:27:20.247341,2026-08-12T06:27:20.247341,IN_TRANSIT,"{""order_id"": ""ORD-000291"", ""amount"": 215000.0}"
ORD-000292,CUST-005,PROD-005,SUP-008,127,$2100.00,USD,2026-08-18T16:27:20.247341,2026-08-26T16:27:20.247341,DELIVERED,"{""order_id"": ""ORD-000292"", ""amount"": 266700.0}"
ORD-000293,CUST-004,PROD-005,SUP-008,130,$2100.00,USD,2026-08-08T00:27:20.247341,2026-08-18T00:27:20.247341,DELIVERED,"{""order_id"": ""ORD-000293"", ""amount"": 273000.0}"
ORD-000294,CUST-001,PROD-003,SUP-013,117,$45.00,USD,2026-08-19T02:27:20.247341,2026-08-29T02:27:20.247341,CUSTOMS_HOLD,"{""order_id"": ""ORD-000294"", ""amount"": 5265.0}"
ORD-000295,CUST-008,PROD-007,SUP-015,25,$3200.00,USD,2026-07-29T13:27:20.247341,2026-08-09T13:27:20.247341,DELIVERED,"{""order_id"": ""ORD-000295"", ""amount"": 80000.0}"
ORD-000296,CUST-006,PROD-010,SUP-004,117,$120.00,USD,2026-07-31T14:27:20.247341,2026-08-08T14:27:20.247341,DELIVERED,"{""order_id"": ""ORD-000296"", ""amount"": 14040.0}"
ORD-000297,CUST-003,PROD-008,SUP-010,122,$890.00,USD,2026-07-24T21:27:20.247341,2026-08-06T21:27:20.247341,DELAYED,"{""order_id"": ""ORD-000297"", ""amount"": 108580.0}"
ORD-000298,CUST-006,PROD-001,SUP-010,37,$1250.00,USD,2026-08-13T09:27:20.247341,2026-08-24T09:27:20.247341,IN_TRANSIT,"{""order_id"": ""ORD-000298"", ""amount"": 46250.0}"
ORD-000299,CUST-009,PROD-006,SUP-013,152,$1800.00,USD,2026-08-28T19:27:20.247341,2026-09-03T19:27:20.247341,IN_TRANSIT,"{""order_id"": ""ORD-000299"", ""amount"": 273600.0}"
ORD-000300,CUST-003,PROD-002,SUP-015,155,$350.00,USD,2026-08-08T15:27:20.247341,2026-08-13T15:27:20.247341,DELIVERED,"{""order_id"": ""ORD-000300"", ""amount"": 54250.0}"
ORD-000301,CUST-007,PROD-007,SUP-015,161,$3200.00,USD,2026-07-30T23:27:20.247341,2026-08-08T23:27:20.247341,CUSTOMS_HOLD,"{""order_id"": ""ORD-000301"", ""amount"": 515200.0}"
ORD-000302,CUST-006,PROD-003,SUP-013,24,$45.00,USD,2026-08-21T06:27:20.247341,2026-08-27T06:27:20.247341,DELIVERED,"{""order_id"": ""ORD-000302"", ""amount"": 1080.0}"
ORD-000303,CUST-007,PROD-001,SUP-010,32,$1250.00,USD,2026-08-12T21:27:20.247341,2026-08-22T21:27:20.247341,DELIVERED,"{""order_id"": ""ORD-000303"", ""amount"": 40000.0}"
ORD-000304,CUST-005,PROD-001,SUP-010,5,$1250.00,USD,2026-08-04T13:27:20.247341,2026-08-09T13:27:20.247341,CUSTOMS_HOLD,"{""order_id"": ""ORD-000304"", ""amount"": 6250.0}"
ORD-000305,CUST-001,PROD-008,SUP-010,137,$890.00,USD,2026-08-27T14:27:20.247341,2026-09-07T14:27:20.247341,DELAYED,"{""order_id"": ""ORD-000305"", ""amount"": 121930.0}"
ORD-000306,CUST-001,PROD-004,SUP-012,192,$4800.00,USD,2026-07-19T14:27:20.247341,2026-07-25T14:27:20.247341,DELIVERED,"{""order_id"": ""ORD-000306"", ""amount"": 921600.0}"
ORD-000307,CUST-002,PROD-001,SUP-010,77,$1250.00,USD,2026-08-20T19:27:20.247341,2026-08-27T19:27:20.247341,DELIVERED,"{""order_id"": ""ORD-000307"", ""amount"": 96250.0}"
ORD-000308,CUST-004,PROD-006,SUP-013,75,$1800.00,USD,2026-07-30T23:27:20.247341,2026-08-11T23:27:20.247341,IN_TRANSIT,"{""order_id"": ""ORD-000308"", ""amount"": 135000.0}"
ORD-000309,CUST-005,PROD-006,SUP-013,147,$1800.00,USD,2026-07-31T10:27:20.247341,2026-08-09T10:27:20.247341,DELAYED,"{""order_id"": ""ORD-000309"", ""amount"": 264600.0}"
ORD-000310,CUST-001,PROD-007,SUP-015,165,$3200.00,USD,2026-08-25T02:27:20.247341,2026-09-06T02:27:20.247341,DELIVERED,"{""order_id"": ""ORD-000310"", ""amount"": 528000.0}"
ORD-000311,CUST-003,PROD-004,SUP-012,136,$4800.00,USD,2026-08-02T16:27:20.247341,2026-08-12T16:27:20.247341,DELIVERED,"{""order_id"": ""ORD-000311"", ""amount"": 652800.0}"
ORD-000312,CUST-007,PROD-007,SUP-015,87,$3200.00,USD,2026-08-18T09:27:20.247341,2026-08-23T09:27:20.247341,DELIVERED,"{""order_id"": ""ORD-000312"", ""amount"": 278400.0}"
ORD-000313,CUST-008,PROD-003,SUP-013,130,$45.00,USD,2026-08-30T11:27:20.247341,2026-09-06T11:27:20.247341,DELIVERED,"{""order_id"": ""ORD-000313"", ""amount"": 5850.0}"
ORD-000314,CUST-007,PROD-009,SUP-015,80,$3400.00,USD,2026-08-28T03:27:20.247341,2026-09-06T03:27:20.247341,DELIVERED,"{""order_id"": ""ORD-000314"", ""amount"": 272000.0}"
ORD-000315,CUST-006,PROD-005,SUP-008,130,$2100.00,USD,2026-08-27T22:27:20.247341,2026-09-10T22:27:20.247341,DELIVERED,"{""order_id"": ""ORD-000315"", ""amount"": 273000.0}"
ORD-000316,CUST-009,PROD-010,SUP-004,40,$120.00,USD,2026-07-31T13:27:20.247341,2026-08-14T13:27:20.247341,DELIVERED,"{""order_id"": ""ORD-000316"", ""amount"": 4800.0}"
ORD-000317,CUST-007,PROD-002,SUP-015,21,$350.00,USD,2026-07-19T01:27:20.247341,2026-07-25T01:27:20.247341,DELIVERED,"{""order_id"": ""ORD-000317"", ""amount"": 7350.0}"
ORD-000318,CUST-003,PROD-007,SUP-015,66,$3200.00,USD,2026-07-25T08:27:20.247341,2026-08-07T08:27:20.247341,DELIVERED,"{""order_id"": ""ORD-000318"", ""amount"": 211200.0}"
ORD-000319,CUST-003,PROD-006,SUP-013,200,$1800.00,USD,2026-08-22T01:27:20.247341,2026-09-06T01:27:20.247341,DELIVERED,"{""order_id"": ""ORD-000319"", ""amount"": 360000.0}"
ORD-000320,CUST-007,PROD-007,SUP-015,62,$3200.00,USD,2026-07-26T17:27:20.247341,2026-08-03T17:27:20.247341,IN_TRANSIT,"{""order_id"": ""ORD-000320"", ""amount"": 198400.0}"
ORD-000321,CUST-002,PROD-003,SUP-013,24,$45.00,USD,2026-07-24T20:27:20.247341,2026-07-30T20:27:20.247341,DELIVERED,"{""order_id"": ""ORD-000321"", ""amount"": 1080.0}"
ORD-000322,CUST-009,PROD-004,SUP-012,123,$4800.00,USD,2026-08-11T01:27:20.247341,2026-08-26T01:27:20.247341,DELAYED,"{""order_id"": ""ORD-000322"", ""amount"": 590400.0}"
ORD-000323,CUST-008,PROD-005,SUP-008,40,$2100.00,USD,2026-07-23T03:27:20.247341,2026-08-02T03:27:20.247341,DELIVERED,"{""order_id"": ""ORD-000323"", ""amount"": 84000.0}"
ORD-000324,CUST-001,PROD-001,SUP-010,104,$1250.00,USD,2026-08-07T23:27:20.247341,2026-08-21T23:27:20.247341,DELIVERED,"{""order_id"": ""ORD-000324"", ""amount"": 130000.0}"
ORD-000325,CUST-003,PROD-003,SUP-013,16,$45.00,USD,2026-08-21T23:27:20.247341,2026-08-30T23:27:20.247341,DELIVERED,"{""order_id"": ""ORD-000325"", ""amount"": 720.0}"
ORD-000326,CUST-003,PROD-007,SUP-015,95,$3200.00,USD,2026-07-30T05:27:20.247341,2026-08-06T05:27:20.247341,DELIVERED,"{""order_id"": ""ORD-000326"", ""amount"": 304000.0}"
ORD-000327,CUST-002,PROD-002,SUP-015,194,$350.00,USD,2026-08-17T14:27:20.247341,2026-08-23T14:27:20.247341,IN_TRANSIT,"{""order_id"": ""ORD-000327"", ""amount"": 67900.0}"
ORD-000328,CUST-004,PROD-007,SUP-015,102,$3200.00,USD,2026-07-23T18:27:20.247341,2026-07-28T18:27:20.247341,IN_TRANSIT,"{""order_id"": ""ORD-000328"", ""amount"": 326400.0}"
ORD-000329,CUST-003,PROD-005,SUP-008,56,$2100.00,USD,2026-07-22T15:27:20.247341,2026-07-30T15:27:20.247341,DELAYED,"{""order_id"": ""ORD-000329"", ""amount"": 117600.0}"
ORD-000330,CUST-006,PROD-008,SUP-010,94,$890.00,USD,2026-08-06T12:27:20.247341,2026-08-15T12:27:20.247341,IN_TRANSIT,"{""order_id"": ""ORD-000330"", ""amount"": 83660.0}"
ORD-000331,CUST-001,PROD-010,SUP-004,122,$120.00,USD,2026-08-12T20:27:20.247341,2026-08-22T20:27:20.247341,DELIVERED,"{""order_id"": ""ORD-000331"", ""amount"": 14640.0}"
ORD-000332,CUST-010,PROD-008,SUP-010,50,$890.00,USD,2026-08-23T23:27:20.247341,2026-09-03T23:27:20.247341,DELIVERED,"{""order_id"": ""ORD-000332"", ""amount"": 44500.0}"
ORD-000333,CUST-009,PROD-008,SUP-010,54,$890.00,USD,2026-08-09T13:27:20.247341,2026-08-15T13:27:20.247341,DELIVERED,"{""order_id"": ""ORD-000333"", ""amount"": 48060.0}"
ORD-000334,CUST-009,PROD-005,SUP-008,100,$2100.00,USD,2026-08-25T04:27:20.247341,2026-09-03T04:27:20.247341,IN_TRANSIT,"{""order_id"": ""ORD-000334"", ""amount"": 210000.0}"
ORD-000335,CUST-004,PROD-009,SUP-015,197,$3400.00,USD,2026-08-11T08:27:20.247341,2026-08-21T08:27:20.247341,DELIVERED,"{""order_id"": ""ORD-000335"", ""amount"": 669800.0}"
ORD-000336,CUST-004,PROD-008,SUP-010,34,$890.00,USD,2026-07-21T00:27:20.247341,2026-07-27T00:27:20.247341,DELIVERED,"{""order_id"": ""ORD-000336"", ""amount"": 30260.0}"
ORD-000337,CUST-010,PROD-002,SUP-015,83,$350.00,USD,2026-07-18T18:27:20.247341,2026-07-24T18:27:20.247341,DELAYED,"{""order_id"": ""ORD-000337"", ""amount"": 29050.0}"
ORD-000338,CUST-008,PROD-008,SUP-010,189,$890.00,USD,2026-08-17T23:27:20.247341,2026-08-22T23:27:20.247341,IN_TRANSIT,"{""order_id"": ""ORD-000338"", ""amount"": 168210.0}"
ORD-000339,CUST-009,PROD-003,SUP-013,33,$45.00,USD,2026-08-15T12:27:20.247341,2026-08-27T12:27:20.247341,DELAYED,"{""order_id"": ""ORD-000339"", ""amount"": 1485.0}"
ORD-000340,CUST-002,PROD-009,SUP-015,132,$3400.00,USD,2026-08-03T10:27:20.247341,2026-08-14T10:27:20.247341,DELIVERED,"{""order_id"": ""ORD-000340"", ""amount"": 448800.0}"
ORD-000341,CUST-003,PROD-009,SUP-015,92,$3400.00,USD,2026-07-28T11:27:20.247341,2026-08-02T11:27:20.247341,DELIVERED,"{""order_id"": ""ORD-000341"", ""amount"": 312800.0}"
ORD-000342,CUST-006,PROD-006,SUP-013,129,$1800.00,USD,2026-07-19T10:27:20.247341,2026-08-01T10:27:20.247341,IN_TRANSIT,"{""order_id"": ""ORD-000342"", ""amount"": 232200.0}"
ORD-000343,CUST-006,PROD-005,SUP-008,30,$2100.00,USD,2026-07-21T04:27:20.247341,2026-07-29T04:27:20.247341,DELIVERED,"{""order_id"": ""ORD-000343"", ""amount"": 63000.0}"
ORD-000344,CUST-010,PROD-010,SUP-004,33,$120.00,USD,2026-07-18T21:27:20.247341,2026-07-24T21:27:20.247341,IN_TRANSIT,"{""order_id"": ""ORD-000344"", ""amount"": 3960.0}"
ORD-000345,CUST-002,PROD-006,SUP-013,105,$1800.00,USD,2026-08-17T00:27:20.247341,2026-08-29T00:27:20.247341,DELIVERED,"{""order_id"": ""ORD-000345"", ""amount"": 189000.0}"
ORD-000346,CUST-005,PROD-004,SUP-012,200,$4800.00,USD,2026-08-04T02:27:20.247341,2026-08-12T02:27:20.247341,IN_TRANSIT,"{""order_id"": ""ORD-000346"", ""amount"": 960000.0}"
ORD-000347,CUST-004,PROD-005,SUP-008,79,$2100.00,USD,2026-08-03T10:27:20.247341,2026-08-08T10:27:20.247341,IN_TRANSIT,"{""order_id"": ""ORD-000347"", ""amount"": 165900.0}"
ORD-000348,CUST-009,PROD-002,SUP-015,157,$350.00,USD,2026-07-18T05:27:20.247341,2026-07-24T05:27:20.247341,DELAYED,"{""order_id"": ""ORD-000348"", ""amount"": 54950.0}"
ORD-000349,CUST-001,PROD-003,SUP-013,82,$45.00,USD,2026-08-01T01:27:20.247341,2026-08-09T01:27:20.247341,DELAYED,"{""order_id"": ""ORD-000349"", ""amount"": 3690.0}"
ORD-000350,CUST-010,PROD-001,SUP-010,130,$1250.00,USD,2026-07-31T05:27:20.247341,2026-08-05T05:27:20.247341,DELIVERED,"{""order_id"": ""ORD-000350"", ""amount"": 162500.0}"
ORD-000351,CUST-006,PROD-008,SUP-010,12,$890.00,USD,2026-08-22T12:27:20.247341,2026-08-31T12:27:20.247341,IN_TRANSIT,"{""order_id"": ""ORD-000351"", ""amount"": 10680.0}"
ORD-000352,CUST-009,PROD-002,SUP-015,71,$350.00,USD,2026-08-18T03:27:20.247341,2026-08-26T03:27:20.247341,IN_TRANSIT,"{""order_id"": ""ORD-000352"", ""amount"": 24850.0}"
ORD-000353,CUST-010,PROD-005,SUP-008,165,$2100.00,USD,2026-07-31T09:27:20.247341,2026-08-12T09:27:20.247341,CUSTOMS_HOLD,"{""order_id"": ""ORD-000353"", ""amount"": 346500.0}"
ORD-000354,CUST-007,PROD-008,SUP-010,187,$890.00,USD,2026-07-31T08:27:20.247341,2026-08-13T08:27:20.247341,DELAYED,"{""order_id"": ""ORD-000354"", ""amount"": 166430.0}"
ORD-000355,CUST-009,PROD-008,SUP-010,72,$890.00,USD,2026-08-26T11:27:20.247341,2026-09-06T11:27:20.247341,IN_TRANSIT,"{""order_id"": ""ORD-000355"", ""amount"": 64080.0}"
ORD-000356,CUST-010,PROD-005,SUP-008,68,$2100.00,USD,2026-08-12T14:27:20.247341,2026-08-17T14:27:20.247341,DELIVERED,"{""order_id"": ""ORD-000356"", ""amount"": 142800.0}"
ORD-000357,CUST-001,PROD-001,SUP-010,158,$1250.00,USD,2026-08-01T03:27:20.247341,2026-08-15T03:27:20.247341,DELIVERED,"{""order_id"": ""ORD-000357"", ""amount"": 197500.0}"
ORD-000358,CUST-006,PROD-005,SUP-008,25,$2100.00,USD,2026-08-05T19:27:20.247341,2026-08-19T19:27:20.247341,IN_TRANSIT,"{""order_id"": ""ORD-000358"", ""amount"": 52500.0}"
ORD-000359,CUST-001,PROD-003,SUP-013,9,$45.00,USD,2026-07-25T16:27:20.247341,2026-08-06T16:27:20.247341,DELIVERED,"{""order_id"": ""ORD-000359"", ""amount"": 405.0}"
ORD-000360,CUST-007,PROD-008,SUP-010,88,$890.00,USD,2026-08-28T06:27:20.247341,2026-09-06T06:27:20.247341,IN_TRANSIT,"{""order_id"": ""ORD-000360"", ""amount"": 78320.0}"
ORD-000361,CUST-006,PROD-006,SUP-013,57,$1800.00,USD,2026-08-27T02:27:20.247341,2026-09-06T02:27:20.247341,DELIVERED,"{""order_id"": ""ORD-000361"", ""amount"": 102600.0}"
ORD-000362,CUST-006,PROD-010,SUP-004,23,$120.00,USD,2026-07-24T07:27:20.247341,2026-08-05T07:27:20.247341,CUSTOMS_HOLD,"{""order_id"": ""ORD-000362"", ""amount"": 2760.0}"
ORD-000363,CUST-009,PROD-005,SUP-008,162,$2100.00,USD,2026-08-08T07:27:20.247341,2026-08-18T07:27:20.247341,DELIVERED,"{""order_id"": ""ORD-000363"", ""amount"": 340200.0}"
ORD-000364,CUST-005,PROD-005,SUP-008,79,$2100.00,USD,2026-07-31T23:27:20.247341,2026-08-05T23:27:20.247341,DELIVERED,"{""order_id"": ""ORD-000364"", ""amount"": 165900.0}"
ORD-000365,CUST-001,PROD-005,SUP-008,65,$2100.00,USD,2026-07-23T06:27:20.247341,2026-07-28T06:27:20.247341,IN_TRANSIT,"{""order_id"": ""ORD-000365"", ""amount"": 136500.0}"
ORD-000366,CUST-002,PROD-005,SUP-008,131,$2100.00,USD,2026-08-02T04:27:20.247341,2026-08-07T04:27:20.247341,DELIVERED,"{""order_id"": ""ORD-000366"", ""amount"": 275100.0}"
ORD-000367,CUST-008,PROD-007,SUP-015,189,$3200.00,USD,2026-08-14T09:27:20.247341,2026-08-24T09:27:20.247341,DELAYED,"{""order_id"": ""ORD-000367"", ""amount"": 604800.0}"
ORD-000368,CUST-008,PROD-009,SUP-015,39,$3400.00,USD,2026-08-23T01:27:20.247341,2026-08-30T01:27:20.247341,DELIVERED,"{""order_id"": ""ORD-000368"", ""amount"": 132600.0}"
ORD-000369,CUST-005,PROD-009,SUP-015,48,$3400.00,USD,2026-07-31T10:27:20.247341,2026-08-15T10:27:20.247341,DELIVERED,"{""order_id"": ""ORD-000369"", ""amount"": 163200.0}"
ORD-000370,CUST-006,PROD-007,SUP-015,31,$3200.00,USD,2026-08-05T09:27:20.247341,2026-08-20T09:27:20.247341,IN_TRANSIT,"{""order_id"": ""ORD-000370"", ""amount"": 99200.0}"
ORD-000371,CUST-001,PROD-006,SUP-013,156,$1800.00,USD,2026-08-26T00:27:20.247341,2026-09-05T00:27:20.247341,DELIVERED,"{""order_id"": ""ORD-000371"", ""amount"": 280800.0}"
ORD-000372,CUST-008,PROD-008,SUP-010,11,$890.00,USD,2026-08-05T10:27:20.247341,2026-08-17T10:27:20.247341,IN_TRANSIT,"{""order_id"": ""ORD-000372"", ""amount"": 9790.0}"
ORD-000373,CUST-007,PROD-002,SUP-015,22,$350.00,USD,2026-07-30T04:27:20.247341,2026-08-06T04:27:20.247341,DELAYED,"{""order_id"": ""ORD-000373"", ""amount"": 7700.0}"
ORD-000374,CUST-002,PROD-006,SUP-013,59,$1800.00,USD,2026-08-12T11:27:20.247341,2026-08-19T11:27:20.247341,IN_TRANSIT,"{""order_id"": ""ORD-000374"", ""amount"": 106200.0}"
ORD-000375,CUST-004,PROD-010,SUP-004,44,$120.00,USD,2026-07-18T14:27:20.247341,2026-07-27T14:27:20.247341,IN_TRANSIT,"{""order_id"": ""ORD-000375"", ""amount"": 5280.0}"
ORD-000376,CUST-008,PROD-005,SUP-008,13,$2100.00,USD,2026-08-31T07:27:20.247341,2026-09-09T07:27:20.247341,DELIVERED,"{""order_id"": ""ORD-000376"", ""amount"": 27300.0}"
ORD-000377,CUST-006,PROD-006,SUP-013,97,$1800.00,USD,2026-07-21T02:27:20.247341,2026-08-04T02:27:20.247341,DELIVERED,"{""order_id"": ""ORD-000377"", ""amount"": 174600.0}"
ORD-000378,CUST-005,PROD-007,SUP-015,140,$3200.00,USD,2026-07-28T12:27:20.247341,2026-08-02T12:27:20.247341,IN_TRANSIT,"{""order_id"": ""ORD-000378"", ""amount"": 448000.0}"
ORD-000379,CUST-005,PROD-006,SUP-013,70,$1800.00,USD,2026-08-30T14:27:20.247341,2026-09-13T14:27:20.247341,DELIVERED,"{""order_id"": ""ORD-000379"", ""amount"": 126000.0}"
ORD-000380,CUST-006,PROD-002,SUP-015,172,$350.00,USD,2026-08-12T21:27:20.247341,2026-08-20T21:27:20.247341,IN_TRANSIT,"{""order_id"": ""ORD-000380"", ""amount"": 60200.0}"
ORD-000381,CUST-003,PROD-008,SUP-010,43,$890.00,USD,2026-08-02T17:27:20.247341,2026-08-12T17:27:20.247341,IN_TRANSIT,"{""order_id"": ""ORD-000381"", ""amount"": 38270.0}"
ORD-000382,CUST-003,PROD-004,SUP-012,115,$4800.00,USD,2026-07-24T18:27:20.247341,2026-08-05T18:27:20.247341,IN_TRANSIT,"{""order_id"": ""ORD-000382"", ""amount"": 552000.0}"
ORD-000383,CUST-001,PROD-003,SUP-013,77,$45.00,USD,2026-07-28T02:27:20.247341,2026-08-07T02:27:20.247341,DELAYED,"{""order_id"": ""ORD-000383"", ""amount"": 3465.0}"
ORD-000384,CUST-010,PROD-006,SUP-013,84,$1800.00,USD,2026-08-04T16:27:20.247341,2026-08-17T16:27:20.247341,DELIVERED,"{""order_id"": ""ORD-000384"", ""amount"": 151200.0}"
ORD-000385,CUST-010,PROD-002,SUP-015,8,$350.00,USD,2026-08-10T10:27:20.247341,2026-08-19T10:27:20.247341,IN_TRANSIT,"{""order_id"": ""ORD-000385"", ""amount"": 2800.0}"
ORD-000386,CUST-007,PROD-001,SUP-010,37,$1250.00,USD,2026-08-01T06:27:20.247341,2026-08-09T06:27:20.247341,DELIVERED,"{""order_id"": ""ORD-000386"", ""amount"": 46250.0}"
ORD-000387,CUST-007,PROD-001,SUP-010,127,$1250.00,USD,2026-08-23T03:27:20.247341,2026-09-06T03:27:20.247341,IN_TRANSIT,"{""order_id"": ""ORD-000387"", ""amount"": 158750.0}"
ORD-000388,CUST-005,PROD-009,SUP-015,113,$3400.00,USD,2026-07-18T11:27:20.247341,2026-08-02T11:27:20.247341,DELIVERED,"{""order_id"": ""ORD-000388"", ""amount"": 384200.0}"
ORD-000389,CUST-008,PROD-004,SUP-012,153,$4800.00,USD,2026-08-05T10:27:20.247341,2026-08-10T10:27:20.247341,IN_TRANSIT,"{""order_id"": ""ORD-000389"", ""amount"": 734400.0}"
ORD-000390,CUST-003,PROD-005,SUP-008,101,$2100.00,USD,2026-08-27T13:27:20.247341,2026-09-06T13:27:20.247341,DELIVERED,"{""order_id"": ""ORD-000390"", ""amount"": 212100.0}"
ORD-000391,CUST-009,PROD-010,SUP-004,70,$120.00,USD,2026-08-08T14:27:20.247341,2026-08-23T14:27:20.247341,DELIVERED,"{""order_id"": ""ORD-000391"", ""amount"": 8400.0}"
ORD-000392,CUST-005,PROD-002,SUP-015,107,$350.00,USD,2026-08-08T10:27:20.247341,2026-08-16T10:27:20.247341,DELAYED,"{""order_id"": ""ORD-000392"", ""amount"": 37450.0}"
ORD-000393,CUST-003,PROD-002,SUP-015,23,$350.00,USD,2026-08-24T11:27:20.247341,2026-09-05T11:27:20.247341,IN_TRANSIT,"{""order_id"": ""ORD-000393"", ""amount"": 8050.0}"
ORD-000394,CUST-001,PROD-007,SUP-015,131,$3200.00,USD,2026-07-25T17:27:20.247341,2026-08-09T17:27:20.247341,DELIVERED,"{""order_id"": ""ORD-000394"", ""amount"": 419200.0}"
ORD-000395,CUST-002,PROD-006,SUP-013,55,$1800.00,USD,2026-07-26T01:27:20.247341,2026-07-31T01:27:20.247341,DELIVERED,"{""order_id"": ""ORD-000395"", ""amount"": 99000.0}"
ORD-000396,CUST-006,PROD-010,SUP-004,149,$120.00,USD,2026-07-19T01:27:20.247341,2026-07-31T01:27:20.247341,DELIVERED,"{""order_id"": ""ORD-000396"", ""amount"": 17880.0}"
ORD-000397,CUST-005,PROD-010,SUP-004,70,$120.00,USD,2026-08-06T02:27:20.247341,2026-08-18T02:27:20.247341,DELIVERED,"{""order_id"": ""ORD-000397"", ""amount"": 8400.0}"
ORD-000398,CUST-004,PROD-002,SUP-015,11,$350.00,USD,2026-08-03T14:27:20.247341,2026-08-08T14:27:20.247341,IN_TRANSIT,"{""order_id"": ""ORD-000398"", ""amount"": 3850.0}"
ORD-000399,CUST-008,PROD-009,SUP-015,114,$3400.00,USD,2026-07-23T17:27:20.247341,2026-08-02T17:27:20.247341,CUSTOMS_HOLD,"{""order_id"": ""ORD-000399"", ""amount"": 387600.0}"
ORD-000400,CUST-007,PROD-005,SUP-008,129,$2100.00,USD,2026-07-28T05:27:20.247341,2026-08-10T05:27:20.247341,DELIVERED,"{""order_id"": ""ORD-000400"", ""amount"": 270900.0}"
ORD-000401,CUST-001,PROD-003,SUP-013,100,$45.00,USD,2026-08-01T14:27:20.247341,2026-08-12T14:27:20.247341,DELIVERED,"{""order_id"": ""ORD-000401"", ""amount"": 4500.0}"
ORD-000402,CUST-006,PROD-006,SUP-013,96,$1800.00,USD,2026-07-23T14:27:20.247341,2026-08-06T14:27:20.247341,IN_TRANSIT,"{""order_id"": ""ORD-000402"", ""amount"": 172800.0}"
ORD-000403,CUST-001,PROD-004,SUP-012,168,$4800.00,USD,2026-08-08T16:27:20.247341,2026-08-16T16:27:20.247341,DELIVERED,"{""order_id"": ""ORD-000403"", ""amount"": 806400.0}"
ORD-000404,CUST-006,PROD-005,SUP-008,135,$2100.00,USD,2026-09-01T00:27:20.247341,2026-09-06T00:27:20.247341,DELIVERED,"{""order_id"": ""ORD-000404"", ""amount"": 283500.0}"
ORD-000405,CUST-006,PROD-004,SUP-012,153,$4800.00,USD,2026-08-09T07:27:20.247341,2026-08-24T07:27:20.247341,DELIVERED,"{""order_id"": ""ORD-000405"", ""amount"": 734400.0}"
ORD-000406,CUST-004,PROD-009,SUP-015,96,$3400.00,USD,2026-07-23T15:27:20.247341,2026-07-30T15:27:20.247341,IN_TRANSIT,"{""order_id"": ""ORD-000406"", ""amount"": 326400.0}"
ORD-000407,CUST-010,PROD-008,SUP-010,151,$890.00,USD,2026-08-24T21:27:20.247341,2026-08-30T21:27:20.247341,IN_TRANSIT,"{""order_id"": ""ORD-000407"", ""amount"": 134390.0}"
ORD-000408,CUST-006,PROD-002,SUP-015,164,$350.00,USD,2026-08-29T08:27:20.247341,2026-09-07T08:27:20.247341,DELIVERED,"{""order_id"": ""ORD-000408"", ""amount"": 57400.0}"
ORD-000409,CUST-006,PROD-006,SUP-013,5,$1800.00,USD,2026-08-07T07:27:20.247341,2026-08-15T07:27:20.247341,IN_TRANSIT,"{""order_id"": ""ORD-000409"", ""amount"": 9000.0}"
ORD-000410,CUST-009,PROD-004,SUP-012,154,$4800.00,USD,2026-08-03T17:27:20.247341,2026-08-15T17:27:20.247341,DELAYED,"{""order_id"": ""ORD-000410"", ""amount"": 739200.0}"
ORD-000411,CUST-001,PROD-001,SUP-010,112,$1250.00,USD,2026-08-31T07:27:20.247341,2026-09-09T07:27:20.247341,DELIVERED,"{""order_id"": ""ORD-000411"", ""amount"": 140000.0}"
ORD-000412,CUST-009,PROD-005,SUP-008,143,$2100.00,USD,2026-08-14T11:27:20.247341,2026-08-26T11:27:20.247341,DELIVERED,"{""order_id"": ""ORD-000412"", ""amount"": 300300.0}"
ORD-000413,CUST-004,PROD-002,SUP-015,58,$350.00,USD,2026-07-26T11:27:20.247341,2026-08-04T11:27:20.247341,IN_TRANSIT,"{""order_id"": ""ORD-000413"", ""amount"": 20300.0}"
ORD-000414,CUST-007,PROD-009,SUP-015,6,$3400.00,USD,2026-08-15T06:27:20.247341,2026-08-23T06:27:20.247341,IN_TRANSIT,"{""order_id"": ""ORD-000414"", ""amount"": 20400.0}"
ORD-000415,CUST-005,PROD-007,SUP-015,75,$3200.00,USD,2026-08-17T13:27:20.247341,2026-09-01T13:27:20.247341,DELIVERED,"{""order_id"": ""ORD-000415"", ""amount"": 240000.0}"
ORD-000416,CUST-001,PROD-002,SUP-015,95,$350.00,USD,2026-08-21T06:27:20.247341,2026-09-03T06:27:20.247341,CUSTOMS_HOLD,"{""order_id"": ""ORD-000416"", ""amount"": 33250.0}"
ORD-000417,CUST-003,PROD-009,SUP-015,95,$3400.00,USD,2026-07-28T19:27:20.247341,2026-08-04T19:27:20.247341,IN_TRANSIT,"{""order_id"": ""ORD-000417"", ""amount"": 323000.0}"
ORD-000418,CUST-008,PROD-002,SUP-015,31,$350.00,USD,2026-08-02T11:27:20.247341,2026-08-16T11:27:20.247341,CUSTOMS_HOLD,"{""order_id"": ""ORD-000418"", ""amount"": 10850.0}"
ORD-000419,CUST-008,PROD-009,SUP-015,85,$3400.00,USD,2026-08-18T03:27:20.247341,2026-08-31T03:27:20.247341,DELIVERED,"{""order_id"": ""ORD-000419"", ""amount"": 289000.0}"
ORD-000420,CUST-007,PROD-001,SUP-010,83,$1250.00,USD,2026-07-30T20:27:20.247341,2026-08-05T20:27:20.247341,DELIVERED,"{""order_id"": ""ORD-000420"", ""amount"": 103750.0}"
ORD-000421,CUST-002,PROD-001,SUP-010,133,$1250.00,USD,2026-08-11T09:27:20.247341,2026-08-16T09:27:20.247341,CUSTOMS_HOLD,"{""order_id"": ""ORD-000421"", ""amount"": 166250.0}"
ORD-000422,CUST-006,PROD-010,SUP-004,159,$120.00,USD,2026-08-30T06:27:20.247341,2026-09-09T06:27:20.247341,DELIVERED,"{""order_id"": ""ORD-000422"", ""amount"": 19080.0}"
ORD-000423,CUST-004,PROD-002,SUP-015,57,$350.00,USD,2026-08-23T22:27:20.247341,2026-08-31T22:27:20.247341,DELIVERED,"{""order_id"": ""ORD-000423"", ""amount"": 19950.0}"
ORD-000424,CUST-006,PROD-002,SUP-015,189,$350.00,USD,2026-08-22T12:27:20.247341,2026-08-30T12:27:20.247341,DELIVERED,"{""order_id"": ""ORD-000424"", ""amount"": 66150.0}"
ORD-000425,CUST-010,PROD-003,SUP-013,20,$45.00,USD,2026-08-18T16:27:20.247341,2026-08-26T16:27:20.247341,DELIVERED,"{""order_id"": ""ORD-000425"", ""amount"": 900.0}"
ORD-000426,CUST-004,PROD-006,SUP-013,156,$1800.00,USD,2026-08-05T21:27:20.247341,2026-08-16T21:27:20.247341,DELIVERED,"{""order_id"": ""ORD-000426"", ""amount"": 280800.0}"
ORD-000427,CUST-007,PROD-001,SUP-010,14,$1250.00,USD,2026-07-26T18:27:20.247341,2026-08-02T18:27:20.247341,DELIVERED,"{""order_id"": ""ORD-000427"", ""amount"": 17500.0}"
ORD-000428,CUST-009,PROD-004,SUP-012,52,$4800.00,USD,2026-07-28T09:27:20.247341,2026-08-06T09:27:20.247341,DELIVERED,"{""order_id"": ""ORD-000428"", ""amount"": 249600.0}"
ORD-000429,CUST-001,PROD-001,SUP-010,96,$1250.00,USD,2026-08-08T04:27:20.247341,2026-08-16T04:27:20.247341,IN_TRANSIT,"{""order_id"": ""ORD-000429"", ""amount"": 120000.0}"
ORD-000430,CUST-002,PROD-005,SUP-008,79,$2100.00,USD,2026-08-04T04:27:20.247341,2026-08-15T04:27:20.247341,DELIVERED,"{""order_id"": ""ORD-000430"", ""amount"": 165900.0}"
ORD-000431,CUST-009,PROD-008,SUP-010,74,$890.00,USD,2026-08-17T21:27:20.247341,2026-09-01T21:27:20.247341,IN_TRANSIT,"{""order_id"": ""ORD-000431"", ""amount"": 65860.0}"
ORD-000432,CUST-008,PROD-008,SUP-010,140,$890.00,USD,2026-07-23T10:27:20.247341,2026-08-06T10:27:20.247341,DELIVERED,"{""order_id"": ""ORD-000432"", ""amount"": 124600.0}"
ORD-000433,CUST-008,PROD-001,SUP-010,156,$1250.00,USD,2026-07-31T17:27:20.247341,2026-08-09T17:27:20.247341,DELIVERED,"{""order_id"": ""ORD-000433"", ""amount"": 195000.0}"
ORD-000434,CUST-004,PROD-004,SUP-012,89,$4800.00,USD,2026-08-16T06:27:20.247341,2026-08-31T06:27:20.247341,IN_TRANSIT,"{""order_id"": ""ORD-000434"", ""amount"": 427200.0}"
ORD-000435,CUST-007,PROD-001,SUP-010,154,$1250.00,USD,2026-08-17T06:27:20.247341,2026-08-25T06:27:20.247341,DELIVERED,"{""order_id"": ""ORD-000435"", ""amount"": 192500.0}"
ORD-000436,CUST-006,PROD-008,SUP-010,47,$890.00,USD,2026-07-19T17:27:20.247341,2026-07-28T17:27:20.247341,DELIVERED,"{""order_id"": ""ORD-000436"", ""amount"": 41830.0}"
ORD-000437,CUST-008,PROD-008,SUP-010,134,$890.00,USD,2026-08-12T20:27:20.247341,2026-08-20T20:27:20.247341,DELIVERED,"{""order_id"": ""ORD-000437"", ""amount"": 119260.0}"
ORD-000438,CUST-008,PROD-002,SUP-015,196,$350.00,USD,2026-07-21T04:27:20.247341,2026-07-28T04:27:20.247341,DELIVERED,"{""order_id"": ""ORD-000438"", ""amount"": 68600.0}"
ORD-000439,CUST-002,PROD-009,SUP-015,143,$3400.00,USD,2026-07-29T01:27:20.247341,2026-08-12T01:27:20.247341,IN_TRANSIT,"{""order_id"": ""ORD-000439"", ""amount"": 486200.0}"
ORD-000440,CUST-007,PROD-003,SUP-013,124,$45.00,USD,2026-07-19T07:27:20.247341,2026-07-28T07:27:20.247341,DELIVERED,"{""order_id"": ""ORD-000440"", ""amount"": 5580.0}"
ORD-000441,CUST-002,PROD-006,SUP-013,86,$1800.00,USD,2026-07-19T00:27:20.247341,2026-07-27T00:27:20.247341,IN_TRANSIT,"{""order_id"": ""ORD-000441"", ""amount"": 154800.0}"
ORD-000442,CUST-004,PROD-004,SUP-012,79,$4800.00,USD,2026-09-01T02:27:20.247341,2026-09-11T02:27:20.247341,IN_TRANSIT,"{""order_id"": ""ORD-000442"", ""amount"": 379200.0}"
ORD-000443,CUST-006,PROD-006,SUP-013,60,$1800.00,USD,2026-08-29T22:27:20.247341,2026-09-05T22:27:20.247341,DELIVERED,"{""order_id"": ""ORD-000443"", ""amount"": 108000.0}"
ORD-000444,CUST-005,PROD-010,SUP-004,140,$120.00,USD,2026-08-14T04:27:20.247341,2026-08-28T04:27:20.247341,DELIVERED,"{""order_id"": ""ORD-000444"", ""amount"": 16800.0}"
ORD-000445,CUST-002,PROD-004,SUP-012,83,$4800.00,USD,2026-07-20T09:27:20.247341,2026-07-30T09:27:20.247341,DELAYED,"{""order_id"": ""ORD-000445"", ""amount"": 398400.0}"
ORD-000446,CUST-010,PROD-010,SUP-004,155,$120.00,USD,2026-08-21T12:27:20.247341,2026-08-26T12:27:20.247341,DELIVERED,"{""order_id"": ""ORD-000446"", ""amount"": 18600.0}"
ORD-000447,CUST-010,PROD-002,SUP-015,27,$350.00,USD,2026-08-31T00:27:20.247341,2026-09-06T00:27:20.247341,DELIVERED,"{""order_id"": ""ORD-000447"", ""amount"": 9450.0}"
ORD-000448,CUST-003,PROD-001,SUP-010,25,$1250.00,USD,2026-07-18T06:27:20.247341,2026-08-01T06:27:20.247341,DELAYED,"{""order_id"": ""ORD-000448"", ""amount"": 31250.0}"
ORD-000449,CUST-006,PROD-002,SUP-015,198,$350.00,USD,2026-08-22T08:27:20.247341,2026-08-28T08:27:20.247341,DELIVERED,"{""order_id"": ""ORD-000449"", ""amount"": 69300.0}"
ORD-000450,CUST-008,PROD-006,SUP-013,165,$1800.00,USD,2026-08-07T11:27:20.247341,2026-08-17T11:27:20.247341,CUSTOMS_HOLD,"{""order_id"": ""ORD-000450"", ""amount"": 297000.0}"
ORD-000451,CUST-006,PROD-007,SUP-015,161,$3200.00,USD,2026-08-07T12:27:20.247341,2026-08-22T12:27:20.247341,DELIVERED,"{""order_id"": ""ORD-000451"", ""amount"": 515200.0}"
ORD-000452,CUST-004,PROD-002,SUP-015,94,$350.00,USD,2026-08-29T04:27:20.247341,2026-09-03T04:27:20.247341,DELIVERED,"{""order_id"": ""ORD-000452"", ""amount"": 32900.0}"
ORD-000453,CUST-010,PROD-002,SUP-015,74,$350.00,USD,2026-08-24T18:27:20.247341,2026-08-30T18:27:20.247341,DELIVERED,"{""order_id"": ""ORD-000453"", ""amount"": 25900.0}"
ORD-000454,CUST-010,PROD-008,SUP-010,31,$890.00,USD,2026-08-25T21:27:20.247341,2026-09-07T21:27:20.247341,DELIVERED,"{""order_id"": ""ORD-000454"", ""amount"": 27590.0}"
ORD-000455,CUST-005,PROD-006,SUP-013,76,$1800.00,USD,2026-08-30T06:27:20.247341,2026-09-09T06:27:20.247341,DELIVERED,"{""order_id"": ""ORD-000455"", ""amount"": 136800.0}"
ORD-000456,CUST-003,PROD-009,SUP-015,38,$3400.00,USD,2026-08-11T01:27:20.247341,2026-08-20T01:27:20.247341,CUSTOMS_HOLD,"{""order_id"": ""ORD-000456"", ""amount"": 129200.0}"
ORD-000457,CUST-002,PROD-004,SUP-012,188,$4800.00,USD,2026-08-25T03:27:20.247341,2026-09-05T03:27:20.247341,DELIVERED,"{""order_id"": ""ORD-000457"", ""amount"": 902400.0}"
ORD-000458,CUST-008,PROD-003,SUP-013,138,$45.00,USD,2026-07-22T14:27:20.247341,2026-08-04T14:27:20.247341,CUSTOMS_HOLD,"{""order_id"": ""ORD-000458"", ""amount"": 6210.0}"
ORD-000459,CUST-003,PROD-005,SUP-008,86,$2100.00,USD,2026-08-16T18:27:20.247341,2026-08-27T18:27:20.247341,DELIVERED,"{""order_id"": ""ORD-000459"", ""amount"": 180600.0}"
ORD-000460,CUST-008,PROD-002,SUP-015,10,$350.00,USD,2026-08-21T10:27:20.247341,2026-08-30T10:27:20.247341,DELIVERED,"{""order_id"": ""ORD-000460"", ""amount"": 3500.0}"
ORD-000461,CUST-004,PROD-004,SUP-012,163,$4800.00,USD,2026-07-26T06:27:20.247341,2026-08-06T06:27:20.247341,DELIVERED,"{""order_id"": ""ORD-000461"", ""amount"": 782400.0}"
ORD-000462,CUST-007,PROD-009,SUP-015,153,$3400.00,USD,2026-07-25T05:27:20.247341,2026-08-06T05:27:20.247341,IN_TRANSIT,"{""order_id"": ""ORD-000462"", ""amount"": 520200.0}"
ORD-000463,CUST-003,PROD-008,SUP-010,117,$890.00,USD,2026-08-09T22:27:20.247341,2026-08-14T22:27:20.247341,DELIVERED,"{""order_id"": ""ORD-000463"", ""amount"": 104130.0}"
ORD-000464,CUST-007,PROD-010,SUP-004,112,$120.00,USD,2026-08-16T13:27:20.247341,2026-08-21T13:27:20.247341,DELIVERED,"{""order_id"": ""ORD-000464"", ""amount"": 13440.0}"
ORD-000465,CUST-004,PROD-007,SUP-015,11,$3200.00,USD,2026-08-02T11:27:20.247341,2026-08-11T11:27:20.247341,DELIVERED,"{""order_id"": ""ORD-000465"", ""amount"": 35200.0}"
ORD-000466,CUST-001,PROD-009,SUP-015,171,$3400.00,USD,2026-08-28T05:27:20.247341,2026-09-06T05:27:20.247341,DELIVERED,"{""order_id"": ""ORD-000466"", ""amount"": 581400.0}"
ORD-000467,CUST-002,PROD-010,SUP-004,17,$120.00,USD,2026-08-22T19:27:20.247341,2026-09-04T19:27:20.247341,IN_TRANSIT,"{""order_id"": ""ORD-000467"", ""amount"": 2040.0}"
ORD-000468,CUST-005,PROD-006,SUP-013,12,$1800.00,USD,2026-08-04T23:27:20.247341,2026-08-13T23:27:20.247341,DELIVERED,"{""order_id"": ""ORD-000468"", ""amount"": 21600.0}"
ORD-000469,CUST-005,PROD-001,SUP-010,145,$1250.00,USD,2026-08-11T11:27:20.247341,2026-08-19T11:27:20.247341,DELIVERED,"{""order_id"": ""ORD-000469"", ""amount"": 181250.0}"
ORD-000470,CUST-004,PROD-002,SUP-015,150,$350.00,USD,2026-07-20T04:27:20.247341,2026-07-30T04:27:20.247341,DELIVERED,"{""order_id"": ""ORD-000470"", ""amount"": 52500.0}"
ORD-000471,CUST-010,PROD-010,SUP-004,13,$120.00,USD,2026-09-01T01:27:20.247341,2026-09-13T01:27:20.247341,DELIVERED,"{""order_id"": ""ORD-000471"", ""amount"": 1560.0}"
ORD-000472,CUST-008,PROD-005,SUP-008,89,$2100.00,USD,2026-08-12T02:27:20.247341,2026-08-25T02:27:20.247341,DELIVERED,"{""order_id"": ""ORD-000472"", ""amount"": 186900.0}"
ORD-000473,CUST-003,PROD-002,SUP-015,63,$350.00,USD,2026-08-01T23:27:20.247341,2026-08-09T23:27:20.247341,DELIVERED,"{""order_id"": ""ORD-000473"", ""amount"": 22050.0}"
ORD-000474,CUST-002,PROD-006,SUP-013,95,$1800.00,USD,2026-08-15T21:27:20.247341,2026-08-20T21:27:20.247341,DELIVERED,"{""order_id"": ""ORD-000474"", ""amount"": 171000.0}"
ORD-000475,CUST-006,PROD-006,SUP-013,167,$1800.00,USD,2026-08-03T03:27:20.247341,2026-08-15T03:27:20.247341,DELIVERED,"{""order_id"": ""ORD-000475"", ""amount"": 300600.0}"
ORD-000476,CUST-005,PROD-009,SUP-015,7,$3400.00,USD,2026-07-30T09:27:20.247341,2026-08-13T09:27:20.247341,IN_TRANSIT,"{""order_id"": ""ORD-000476"", ""amount"": 23800.0}"
ORD-000477,CUST-001,PROD-005,SUP-008,92,$2100.00,USD,2026-08-22T23:27:20.247341,2026-09-01T23:27:20.247341,DELIVERED,"{""order_id"": ""ORD-000477"", ""amount"": 193200.0}"
ORD-000478,CUST-010,PROD-002,SUP-015,38,$350.00,USD,2026-08-09T15:27:20.247341,2026-08-24T15:27:20.247341,DELIVERED,"{""order_id"": ""ORD-000478"", ""amount"": 13300.0}"
ORD-000479,CUST-003,PROD-003,SUP-013,154,$45.00,USD,2026-08-04T09:27:20.247341,2026-08-11T09:27:20.247341,DELIVERED,"{""order_id"": ""ORD-000479"", ""amount"": 6930.0}"
ORD-000480,CUST-002,PROD-001,SUP-010,23,$1250.00,USD,2026-08-16T05:27:20.247341,2026-08-30T05:27:20.247341,DELIVERED,"{""order_id"": ""ORD-000480"", ""amount"": 28750.0}"
ORD-000481,CUST-009,PROD-001,SUP-010,57,$1250.00,USD,2026-08-23T18:27:20.247341,2026-09-02T18:27:20.247341,DELIVERED,"{""order_id"": ""ORD-000481"", ""amount"": 71250.0}"
ORD-000482,CUST-001,PROD-006,SUP-013,156,$1800.00,USD,2026-08-28T05:27:20.247341,2026-09-11T05:27:20.247341,IN_TRANSIT,"{""order_id"": ""ORD-000482"", ""amount"": 280800.0}"
ORD-000483,CUST-008,PROD-003,SUP-013,149,$45.00,USD,2026-07-24T20:27:20.247341,2026-08-05T20:27:20.247341,IN_TRANSIT,"{""order_id"": ""ORD-000483"", ""amount"": 6705.0}"
ORD-000484,CUST-010,PROD-003,SUP-013,152,$45.00,USD,2026-08-04T05:27:20.247341,2026-08-09T05:27:20.247341,CUSTOMS_HOLD,"{""order_id"": ""ORD-000484"", ""amount"": 6840.0}"
ORD-000485,CUST-008,PROD-008,SUP-010,78,$890.00,USD,2026-07-19T05:27:20.247341,2026-07-31T05:27:20.247341,DELIVERED,"{""order_id"": ""ORD-000485"", ""amount"": 69420.0}"
ORD-000486,CUST-005,PROD-006,SUP-013,197,$1800.00,USD,2026-08-02T06:27:20.247341,2026-08-07T06:27:20.247341,DELIVERED,"{""order_id"": ""ORD-000486"", ""amount"": 354600.0}"
ORD-000487,CUST-006,PROD-007,SUP-015,76,$3200.00,USD,2026-07-22T04:27:20.247341,2026-07-27T04:27:20.247341,IN_TRANSIT,"{""order_id"": ""ORD-000487"", ""amount"": 243200.0}"
ORD-000488,CUST-002,PROD-010,SUP-004,49,$120.00,USD,2026-07-26T05:27:20.247341,2026-07-31T05:27:20.247341,IN_TRANSIT,"{""order_id"": ""ORD-000488"", ""amount"": 5880.0}"
ORD-000489,CUST-004,PROD-007,SUP-015,200,$3200.00,USD,2026-07-27T02:27:20.247341,2026-08-02T02:27:20.247341,DELIVERED,"{""order_id"": ""ORD-000489"", ""amount"": 640000.0}"
ORD-000490,CUST-008,PROD-007,SUP-015,128,$3200.00,USD,2026-08-22T06:27:20.247341,2026-08-28T06:27:20.247341,DELIVERED,"{""order_id"": ""ORD-000490"", ""amount"": 409600.0}"
ORD-000491,CUST-005,PROD-010,SUP-004,10,$120.00,USD,2026-08-23T14:27:20.247341,2026-08-31T14:27:20.247341,CUSTOMS_HOLD,"{""order_id"": ""ORD-000491"", ""amount"": 1200.0}"
ORD-000492,CUST-007,PROD-003,SUP-013,192,$45.00,USD,2026-08-06T01:27:20.247341,2026-08-12T01:27:20.247341,DELIVERED,"{""order_id"": ""ORD-000492"", ""amount"": 8640.0}"
ORD-000493,CUST-007,PROD-010,SUP-004,192,$120.00,USD,2026-08-07T04:27:20.247341,2026-08-15T04:27:20.247341,DELIVERED,"{""order_id"": ""ORD-000493"", ""amount"": 23040.0}"
ORD-000494,CUST-010,PROD-008,SUP-010,87,$890.00,USD,2026-07-24T13:27:20.247341,2026-08-06T13:27:20.247341,IN_TRANSIT,"{""order_id"": ""ORD-000494"", ""amount"": 77430.0}"
ORD-000495,CUST-003,PROD-003,SUP-013,165,$45.00,USD,2026-08-01T20:27:20.247341,2026-08-09T20:27:20.247341,DELIVERED,"{""order_id"": ""ORD-000495"", ""amount"": 7425.0}"
ORD-000496,CUST-002,PROD-006,SUP-013,13,$1800.00,USD,2026-07-18T07:27:20.247341,2026-08-02T07:27:20.247341,IN_TRANSIT,"{""order_id"": ""ORD-000496"", ""amount"": 23400.0}"
ORD-000497,CUST-007,PROD-003,SUP-013,73,$45.00,USD,2026-07-27T05:27:20.247341,2026-08-03T05:27:20.247341,DELIVERED,"{""order_id"": ""ORD-000497"", ""amount"": 3285.0}"
ORD-000498,CUST-008,PROD-007,SUP-015,169,$3200.00,USD,2026-08-19T12:27:20.247341,2026-09-01T12:27:20.247341,DELIVERED,"{""order_id"": ""ORD-000498"", ""amount"": 540800.0}"
ORD-000499,CUST-004,PROD-006,SUP-013,85,$1800.00,USD,2026-08-25T02:27:20.247341,2026-09-07T02:27:20.247341,DELIVERED,"{""order_id"": ""ORD-000499"", ""amount"": 153000.0}"
ORD-000500,CUST-009,PROD-009,SUP-015,44,$3400.00,USD,2026-08-31T09:27:20.247341,2026-09-06T09:27:20.247341,DELAYED,"{""order_id"": ""ORD-000500"", ""amount"": 149600.0}"
