shipment_id,order_id,origin_warehouse_id,destination_city,destination_country,carrier,mode,status,shipped_at,estimated_delivery_at,actual_delivery_at,delay_hours,is_delayed
SHP-000001,ORD-000001,WH-AP-003,Switzerland,Switzerland,DHL Supply Chain,Air Freight,DELIVERED,2026-07-24 10:00:44.489038,2026-07-30 10:00:44.489038,2026-07-30 22:00:44.489038,12,True
SHP-000002,ORD-000002,WH-AP-003,Switzerland,Switzerland,Kuehne + Nagel,Sea Freight,DELAYED,2026-07-01 00:00:44.489038,2026-07-05 00:00:44.489038,,0,False
SHP-000003,ORD-000003,WH-ME-001,USA,USA,Cosco Shipping,Air Freight,DELAYED,2026-08-12 05:00:44.489038,2026-08-22 05:00:44.489038,,0,False
SHP-000004,ORD-000004,WH-AP-003,Switzerland,Switzerland,UPS Supply Chain,Rail Express,DELIVERED,2026-08-12 21:00:44.489038,2026-08-16 21:00:44.489038,2026-08-16 21:00:44.489038,0,False
SHP-000005,ORD-000005,WH-EU-002,Germany,Germany,Kuehne + Nagel,Sea Freight,DELIVERED,2026-08-12 02:00:44.489038,2026-08-15 02:00:44.489038,2026-08-15 02:00:44.489038,0,False
SHP-000006,ORD-000006,WH-AP-001,USA,USA,FedEx Express Air,Road Truckload,DELIVERED,2026-07-14 21:00:44.489038,2026-07-23 21:00:44.489038,2026-07-24 21:00:44.489038,24,True
SHP-000007,ORD-000007,WH-AU-001,UK,UK,FedEx Express Air,Sea Freight,DELIVERED,2026-06-30 14:00:44.489038,2026-07-03 14:00:44.489038,2026-07-03 14:00:44.489038,0,False
SHP-000008,ORD-000008,WH-AP-003,USA,USA,Kuehne + Nagel,Sea Freight,DELIVERED,2026-07-14 01:00:44.489038,2026-07-22 01:00:44.489038,2026-07-22 13:00:44.489038,12,True
SHP-000009,ORD-000009,WH-ME-001,Germany,Germany,DB Schenker,Rail Express,DELAYED,2026-07-06 16:00:44.489038,2026-07-13 16:00:44.489038,,0,False
SHP-000010,ORD-000010,WH-EU-002,USA,USA,Kuehne + Nagel,Air Freight,DELIVERED,2026-07-21 15:00:44.489038,2026-07-25 15:00:44.489038,2026-07-25 15:00:44.489038,0,False
SHP-000011,ORD-000011,WH-EU-001,Taiwan,Taiwan,DB Schenker,Sea Freight,DELIVERED,2026-07-26 20:00:44.489038,2026-08-01 20:00:44.489038,2026-08-01 20:00:44.489038,0,False
SHP-000012,ORD-000012,WH-AP-002,UK,UK,DB Schenker,Road Truckload,IN_TRANSIT,2026-07-05 16:00:44.489038,2026-07-15 16:00:44.489038,,0,False
SHP-000013,ORD-000013,WH-EU-001,USA,USA,FedEx Express Air,Air Freight,DELIVERED,2026-07-16 21:00:44.489038,2026-07-24 21:00:44.489038,2026-07-26 21:00:44.489038,48,True
SHP-000014,ORD-000014,WH-EU-002,Japan,Japan,Cosco Shipping,Rail Express,IN_TRANSIT,2026-07-31 05:00:44.489038,2026-08-03 05:00:44.489038,,0,False
SHP-000015,ORD-000015,WH-ME-001,Taiwan,Taiwan,DHL Supply Chain,Sea Freight,CUSTOMS_HOLD,2026-08-10 13:00:44.489038,2026-08-18 13:00:44.489038,,0,False
SHP-000016,ORD-000016,WH-ME-001,Germany,Germany,DHL Supply Chain,Sea Freight,DELIVERED,2026-07-31 19:00:44.489038,2026-08-05 19:00:44.489038,2026-08-06 07:00:44.489038,12,True
SHP-000017,ORD-000017,WH-EU-002,Australia,Australia,Cosco Shipping,Rail Express,DELIVERED,2026-07-03 20:00:44.489038,2026-07-08 20:00:44.489038,2026-07-09 08:00:44.489038,12,True
SHP-000018,ORD-000018,WH-US-001,Japan,Japan,Cosco Shipping,Road Truckload,DELIVERED,2026-07-15 00:00:44.489038,2026-07-21 00:00:44.489038,2026-07-21 00:00:44.489038,0,False
SHP-000019,ORD-000019,WH-ME-001,USA,USA,UPS Supply Chain,Rail Express,CUSTOMS_HOLD,2026-07-07 06:00:44.489038,2026-07-13 06:00:44.489038,,0,False
SHP-000020,ORD-000020,WH-AP-002,Germany,Germany,DHL Supply Chain,Rail Express,DELIVERED,2026-07-09 05:00:44.489038,2026-07-14 05:00:44.489038,2026-07-14 05:00:44.489038,0,False
SHP-000021,ORD-000021,WH-SA-001,Taiwan,Taiwan,DHL Supply Chain,Road Truckload,CUSTOMS_HOLD,2026-08-03 03:00:44.489038,2026-08-07 03:00:44.489038,,0,False
SHP-000022,ORD-000022,WH-SA-001,Taiwan,Taiwan,DB Schenker,Rail Express,IN_TRANSIT,2026-07-06 20:00:44.489038,2026-07-16 20:00:44.489038,,0,False
SHP-000023,ORD-000023,WH-AP-003,Switzerland,Switzerland,Maersk Ocean,Sea Freight,DELIVERED,2026-07-30 08:00:44.489038,2026-08-08 08:00:44.489038,2026-08-09 08:00:44.489038,24,True
SHP-000024,ORD-000024,WH-AP-001,Japan,Japan,DB Schenker,Rail Express,IN_TRANSIT,2026-07-08 23:00:44.489038,2026-07-12 23:00:44.489038,,0,False
SHP-000025,ORD-000025,WH-US-001,USA,USA,Kuehne + Nagel,Road Truckload,DELIVERED,2026-07-14 06:00:44.489038,2026-07-24 06:00:44.489038,2026-07-24 18:00:44.489038,12,True
SHP-000026,ORD-000026,WH-ME-001,Japan,Japan,Cosco Shipping,Road Truckload,DELIVERED,2026-07-27 13:00:44.489038,2026-08-06 13:00:44.489038,2026-08-06 13:00:44.489038,0,False
SHP-000027,ORD-000027,WH-AP-001,Japan,Japan,Maersk Ocean,Sea Freight,DELAYED,2026-07-04 01:00:44.489038,2026-07-10 01:00:44.489038,,0,False
SHP-000028,ORD-000028,WH-AP-002,Taiwan,Taiwan,Cosco Shipping,Road Truckload,IN_TRANSIT,2026-07-19 16:00:44.489038,2026-07-22 16:00:44.489038,,0,False
SHP-000029,ORD-000029,WH-SA-001,Taiwan,Taiwan,Cosco Shipping,Sea Freight,CUSTOMS_HOLD,2026-07-19 19:00:44.489038,2026-07-24 19:00:44.489038,,0,False
SHP-000030,ORD-000030,WH-AP-001,Switzerland,Switzerland,FedEx Express Air,Sea Freight,IN_TRANSIT,2026-07-22 00:00:44.489038,2026-07-25 00:00:44.489038,,0,False
SHP-000031,ORD-000031,WH-AP-001,UK,UK,UPS Supply Chain,Road Truckload,DELAYED,2026-07-12 16:00:44.489038,2026-07-22 16:00:44.489038,,0,False
SHP-000032,ORD-000032,WH-US-001,Germany,Germany,DB Schenker,Road Truckload,DELIVERED,2026-07-22 18:00:44.489038,2026-07-30 18:00:44.489038,2026-07-30 18:00:44.489038,0,False
SHP-000033,ORD-000033,WH-AP-003,Germany,Germany,Cosco Shipping,Rail Express,DELIVERED,2026-07-19 08:00:44.489038,2026-07-22 08:00:44.489038,2026-07-24 08:00:44.489038,48,True
SHP-000034,ORD-000034,WH-EU-001,Taiwan,Taiwan,Cosco Shipping,Sea Freight,DELIVERED,2026-07-22 23:00:44.489038,2026-07-31 23:00:44.489038,2026-07-31 23:00:44.489038,0,False
SHP-000035,ORD-000035,WH-US-001,USA,USA,Maersk Ocean,Air Freight,IN_TRANSIT,2026-07-01 07:00:44.489038,2026-07-11 07:00:44.489038,,0,False
SHP-000036,ORD-000036,WH-SA-001,Taiwan,Taiwan,FedEx Express Air,Air Freight,IN_TRANSIT,2026-08-11 18:00:44.489038,2026-08-20 18:00:44.489038,,0,False
SHP-000037,ORD-000037,WH-SA-001,Australia,Australia,Cosco Shipping,Air Freight,DELIVERED,2026-08-05 10:00:44.489038,2026-08-13 10:00:44.489038,2026-08-13 10:00:44.489038,0,False
SHP-000038,ORD-000038,WH-US-001,Germany,Germany,Maersk Ocean,Air Freight,DELIVERED,2026-07-27 17:00:44.489038,2026-08-03 17:00:44.489038,2026-08-04 17:00:44.489038,24,True
SHP-000039,ORD-000039,WH-EU-001,Japan,Japan,FedEx Express Air,Rail Express,IN_TRANSIT,2026-06-30 23:00:44.489038,2026-07-09 23:00:44.489038,,0,False
SHP-000040,ORD-000040,WH-AP-003,USA,USA,DHL Supply Chain,Sea Freight,IN_TRANSIT,2026-08-03 02:00:44.489038,2026-08-10 02:00:44.489038,,0,False
SHP-000041,ORD-000041,WH-EU-001,Taiwan,Taiwan,DB Schenker,Air Freight,DELIVERED,2026-07-04 06:00:44.489038,2026-07-07 06:00:44.489038,2026-07-08 06:00:44.489038,24,True
SHP-000042,ORD-000042,WH-ME-001,USA,USA,UPS Supply Chain,Sea Freight,CUSTOMS_HOLD,2026-07-28 00:00:44.489038,2026-07-31 00:00:44.489038,,0,False
SHP-000043,ORD-000043,WH-AP-003,Taiwan,Taiwan,DHL Supply Chain,Sea Freight,DELAYED,2026-07-29 05:00:44.489038,2026-08-03 05:00:44.489038,,0,False
SHP-000044,ORD-000044,WH-ME-001,USA,USA,Kuehne + Nagel,Sea Freight,IN_TRANSIT,2026-08-07 19:00:44.489038,2026-08-13 19:00:44.489038,,0,False
SHP-000045,ORD-000045,WH-EU-001,Germany,Germany,Kuehne + Nagel,Rail Express,IN_TRANSIT,2026-08-11 12:00:44.489038,2026-08-20 12:00:44.489038,,0,False
SHP-000046,ORD-000046,WH-AP-001,UK,UK,Cosco Shipping,Road Truckload,DELIVERED,2026-07-20 17:00:44.489038,2026-07-23 17:00:44.489038,2026-07-24 17:00:44.489038,24,True
SHP-000047,ORD-000047,WH-AP-001,Japan,Japan,DB Schenker,Sea Freight,IN_TRANSIT,2026-08-07 23:00:44.489038,2026-08-13 23:00:44.489038,,0,False
SHP-000048,ORD-000048,WH-SA-001,Japan,Japan,DB Schenker,Air Freight,IN_TRANSIT,2026-07-28 14:00:44.489038,2026-08-02 14:00:44.489038,,0,False
SHP-000049,ORD-000049,WH-EU-001,UK,UK,FedEx Express Air,Rail Express,IN_TRANSIT,2026-07-06 21:00:44.489038,2026-07-11 21:00:44.489038,,0,False
SHP-000050,ORD-000050,WH-AP-003,Germany,Germany,DB Schenker,Air Freight,DELIVERED,2026-07-26 20:00:44.489038,2026-08-04 20:00:44.489038,2026-08-04 20:00:44.489038,0,False
SHP-000051,ORD-000051,WH-EU-001,Switzerland,Switzerland,Maersk Ocean,Road Truckload,DELIVERED,2026-07-06 01:00:44.489038,2026-07-11 01:00:44.489038,2026-07-11 01:00:44.489038,0,False
SHP-000052,ORD-000052,WH-US-001,Germany,Germany,UPS Supply Chain,Air Freight,DELIVERED,2026-07-26 05:00:44.489038,2026-08-05 05:00:44.489038,2026-08-07 05:00:44.489038,48,True
SHP-000053,ORD-000053,WH-US-001,Japan,Japan,Maersk Ocean,Road Truckload,CUSTOMS_HOLD,2026-06-30 12:00:44.489038,2026-07-08 12:00:44.489038,,0,False
SHP-000054,ORD-000054,WH-AP-002,USA,USA,UPS Supply Chain,Rail Express,IN_TRANSIT,2026-08-07 04:00:44.489038,2026-08-17 04:00:44.489038,,0,False
SHP-000055,ORD-000055,WH-AP-003,USA,USA,DHL Supply Chain,Sea Freight,IN_TRANSIT,2026-08-05 20:00:44.489038,2026-08-14 20:00:44.489038,,0,False
SHP-000056,ORD-000056,WH-ME-001,Japan,Japan,Cosco Shipping,Sea Freight,DELIVERED,2026-07-03 16:00:44.489038,2026-07-12 16:00:44.489038,2026-07-13 04:00:44.489038,12,True
SHP-000057,ORD-000057,WH-EU-002,Australia,Australia,DHL Supply Chain,Rail Express,IN_TRANSIT,2026-07-20 03:00:44.489038,2026-07-27 03:00:44.489038,,0,False
SHP-000058,ORD-000058,WH-EU-001,Taiwan,Taiwan,UPS Supply Chain,Sea Freight,CUSTOMS_HOLD,2026-07-26 08:00:44.489038,2026-08-05 08:00:44.489038,,0,False
SHP-000059,ORD-000059,WH-AP-002,Switzerland,Switzerland,DB Schenker,Air Freight,DELIVERED,2026-08-02 11:00:44.489038,2026-08-11 11:00:44.489038,2026-08-11 11:00:44.489038,0,False
SHP-000060,ORD-000060,WH-SA-001,UK,UK,Kuehne + Nagel,Road Truckload,DELIVERED,2026-08-09 16:00:44.489038,2026-08-18 16:00:44.489038,2026-08-18 16:00:44.489038,0,False
SHP-000061,ORD-000061,WH-ME-001,Japan,Japan,DHL Supply Chain,Sea Freight,DELIVERED,2026-08-13 02:00:44.489038,2026-08-19 02:00:44.489038,2026-08-21 02:00:44.489038,48,True
SHP-000062,ORD-000062,WH-SA-001,Japan,Japan,FedEx Express Air,Road Truckload,IN_TRANSIT,2026-07-29 13:00:44.489038,2026-08-07 13:00:44.489038,,0,False
SHP-000063,ORD-000063,WH-EU-002,USA,USA,Cosco Shipping,Road Truckload,IN_TRANSIT,2026-07-26 16:00:44.489038,2026-08-03 16:00:44.489038,,0,False
SHP-000064,ORD-000064,WH-AP-001,USA,USA,UPS Supply Chain,Road Truckload,DELAYED,2026-07-17 10:00:44.489038,2026-07-23 10:00:44.489038,,0,False
SHP-000065,ORD-000065,WH-EU-002,USA,USA,Maersk Ocean,Sea Freight,DELIVERED,2026-07-09 08:00:44.489038,2026-07-15 08:00:44.489038,2026-07-15 08:00:44.489038,0,False
SHP-000066,ORD-000066,WH-AP-001,Japan,Japan,DHL Supply Chain,Sea Freight,DELIVERED,2026-08-11 21:00:44.489038,2026-08-14 21:00:44.489038,2026-08-14 21:00:44.489038,0,False
SHP-000067,ORD-000067,WH-US-001,UK,UK,Maersk Ocean,Road Truckload,DELIVERED,2026-08-10 05:00:44.489038,2026-08-18 05:00:44.489038,2026-08-18 05:00:44.489038,0,False
SHP-000068,ORD-000068,WH-SA-001,USA,USA,UPS Supply Chain,Rail Express,DELIVERED,2026-08-08 08:00:44.489038,2026-08-11 08:00:44.489038,2026-08-11 08:00:44.489038,0,False
SHP-000069,ORD-000069,WH-AU-001,USA,USA,UPS Supply Chain,Air Freight,DELIVERED,2026-08-01 23:00:44.489038,2026-08-11 23:00:44.489038,2026-08-11 23:00:44.489038,0,False
SHP-000070,ORD-000070,WH-AP-003,Japan,Japan,Cosco Shipping,Rail Express,IN_TRANSIT,2026-08-12 15:00:44.489038,2026-08-15 15:00:44.489038,,0,False
SHP-000071,ORD-000071,WH-US-002,USA,USA,DHL Supply Chain,Air Freight,DELIVERED,2026-07-06 01:00:44.489038,2026-07-10 01:00:44.489038,2026-07-10 01:00:44.489038,0,False
SHP-000072,ORD-000072,WH-AU-001,USA,USA,Maersk Ocean,Rail Express,IN_TRANSIT,2026-07-28 12:00:44.489038,2026-08-02 12:00:44.489038,,0,False
SHP-000073,ORD-000073,WH-EU-001,USA,USA,Maersk Ocean,Road Truckload,IN_TRANSIT,2026-07-19 15:00:44.489038,2026-07-26 15:00:44.489038,,0,False
SHP-000074,ORD-000074,WH-AU-001,Switzerland,Switzerland,UPS Supply Chain,Road Truckload,DELIVERED,2026-08-08 22:00:44.489038,2026-08-16 22:00:44.489038,2026-08-16 22:00:44.489038,0,False
SHP-000075,ORD-000075,WH-EU-001,Japan,Japan,Cosco Shipping,Rail Express,DELIVERED,2026-08-11 01:00:44.489038,2026-08-19 01:00:44.489038,2026-08-19 01:00:44.489038,0,False
SHP-000076,ORD-000076,WH-AP-002,Australia,Australia,Maersk Ocean,Rail Express,DELIVERED,2026-07-21 05:00:44.489038,2026-07-25 05:00:44.489038,2026-07-25 05:00:44.489038,0,False
SHP-000077,ORD-000077,WH-SA-001,Japan,Japan,Kuehne + Nagel,Road Truckload,IN_TRANSIT,2026-08-04 17:00:44.489038,2026-08-10 17:00:44.489038,,0,False
SHP-000078,ORD-000078,WH-SA-001,USA,USA,Kuehne + Nagel,Road Truckload,DELIVERED,2026-07-21 03:00:44.489038,2026-07-25 03:00:44.489038,2026-07-27 03:00:44.489038,48,True
SHP-000079,ORD-000079,WH-ME-001,Australia,Australia,UPS Supply Chain,Sea Freight,DELAYED,2026-07-26 21:00:44.489038,2026-07-30 21:00:44.489038,,0,False
SHP-000080,ORD-000080,WH-SA-001,USA,USA,UPS Supply Chain,Road Truckload,DELIVERED,2026-07-23 10:00:44.489038,2026-08-02 10:00:44.489038,2026-08-02 10:00:44.489038,0,False
SHP-000081,ORD-000081,WH-US-001,USA,USA,UPS Supply Chain,Air Freight,DELAYED,2026-07-17 02:00:44.489038,2026-07-23 02:00:44.489038,,0,False
SHP-000082,ORD-000082,WH-AP-002,USA,USA,DB Schenker,Rail Express,CUSTOMS_HOLD,2026-06-30 19:00:44.489038,2026-07-07 19:00:44.489038,,0,False
SHP-000083,ORD-000083,WH-ME-001,UK,UK,Maersk Ocean,Sea Freight,IN_TRANSIT,2026-07-04 05:00:44.489038,2026-07-13 05:00:44.489038,,0,False
SHP-000084,ORD-000084,WH-ME-001,USA,USA,UPS Supply Chain,Sea Freight,DELIVERED,2026-08-07 21:00:44.489038,2026-08-17 21:00:44.489038,2026-08-17 21:00:44.489038,0,False
SHP-000085,ORD-000085,WH-AP-001,USA,USA,Maersk Ocean,Rail Express,DELIVERED,2026-08-13 18:00:44.489038,2026-08-16 18:00:44.489038,2026-08-17 06:00:44.489038,12,True
SHP-000086,ORD-000086,WH-EU-001,Switzerland,Switzerland,Kuehne + Nagel,Sea Freight,DELIVERED,2026-07-22 11:00:44.489038,2026-07-31 11:00:44.489038,2026-08-02 11:00:44.489038,48,True
SHP-000087,ORD-000087,WH-AP-003,USA,USA,Kuehne + Nagel,Air Freight,DELIVERED,2026-07-28 00:00:44.489038,2026-08-01 00:00:44.489038,2026-08-01 00:00:44.489038,0,False
SHP-000088,ORD-000088,WH-AP-003,Switzerland,Switzerland,FedEx Express Air,Sea Freight,DELIVERED,2026-07-04 22:00:44.489038,2026-07-12 22:00:44.489038,2026-07-12 22:00:44.489038,0,False
SHP-000089,ORD-000089,WH-AU-001,Switzerland,Switzerland,Cosco Shipping,Rail Express,DELIVERED,2026-08-09 02:00:44.489038,2026-08-12 02:00:44.489038,2026-08-14 02:00:44.489038,48,True
SHP-000090,ORD-000090,WH-SA-001,Australia,Australia,Cosco Shipping,Air Freight,DELIVERED,2026-07-15 16:00:44.489038,2026-07-23 16:00:44.489038,2026-07-24 04:00:44.489038,12,True
SHP-000091,ORD-000091,WH-US-002,Japan,Japan,DHL Supply Chain,Road Truckload,DELIVERED,2026-07-07 20:00:44.489038,2026-07-15 20:00:44.489038,2026-07-15 20:00:44.489038,0,False
SHP-000092,ORD-000092,WH-SA-001,Switzerland,Switzerland,DB Schenker,Air Freight,DELAYED,2026-07-09 07:00:44.489038,2026-07-17 07:00:44.489038,,0,False
SHP-000093,ORD-000093,WH-AP-003,Taiwan,Taiwan,DHL Supply Chain,Rail Express,IN_TRANSIT,2026-08-11 20:00:44.489038,2026-08-14 20:00:44.489038,,0,False
SHP-000094,ORD-000094,WH-AP-002,USA,USA,DHL Supply Chain,Sea Freight,CUSTOMS_HOLD,2026-07-14 01:00:44.489038,2026-07-23 01:00:44.489038,,0,False
SHP-000095,ORD-000095,WH-AU-001,USA,USA,DB Schenker,Sea Freight,DELAYED,2026-07-02 19:00:44.489038,2026-07-09 19:00:44.489038,,0,False
SHP-000096,ORD-000096,WH-EU-002,Taiwan,Taiwan,UPS Supply Chain,Rail Express,IN_TRANSIT,2026-07-11 13:00:44.489038,2026-07-16 13:00:44.489038,,0,False
SHP-000097,ORD-000097,WH-US-001,Japan,Japan,Kuehne + Nagel,Road Truckload,IN_TRANSIT,2026-08-10 12:00:44.489038,2026-08-19 12:00:44.489038,,0,False
SHP-000098,ORD-000098,WH-EU-001,Germany,Germany,Kuehne + Nagel,Rail Express,IN_TRANSIT,2026-07-18 02:00:44.489038,2026-07-27 02:00:44.489038,,0,False
SHP-000099,ORD-000099,WH-US-002,USA,USA,DB Schenker,Sea Freight,DELIVERED,2026-07-11 08:00:44.489038,2026-07-17 08:00:44.489038,2026-07-18 08:00:44.489038,24,True
SHP-000100,ORD-000100,WH-US-002,UK,UK,Kuehne + Nagel,Road Truckload,DELIVERED,2026-07-14 06:00:44.489038,2026-07-21 06:00:44.489038,2026-07-21 06:00:44.489038,0,False
SHP-000101,ORD-000101,WH-SA-001,Australia,Australia,UPS Supply Chain,Air Freight,DELIVERED,2026-07-01 15:00:44.489038,2026-07-10 15:00:44.489038,2026-07-10 15:00:44.489038,0,False
SHP-000102,ORD-000102,WH-EU-001,Japan,Japan,Kuehne + Nagel,Air Freight,IN_TRANSIT,2026-07-08 22:00:44.489038,2026-07-18 22:00:44.489038,,0,False
SHP-000103,ORD-000103,WH-ME-001,USA,USA,FedEx Express Air,Rail Express,DELIVERED,2026-07-10 03:00:44.489038,2026-07-16 03:00:44.489038,2026-07-16 03:00:44.489038,0,False
SHP-000104,ORD-000104,WH-AP-002,USA,USA,Maersk Ocean,Sea Freight,DELIVERED,2026-07-10 19:00:44.489038,2026-07-18 19:00:44.489038,2026-07-19 07:00:44.489038,12,True
SHP-000105,ORD-000105,WH-EU-001,Australia,Australia,UPS Supply Chain,Sea Freight,IN_TRANSIT,2026-07-24 16:00:44.489038,2026-08-01 16:00:44.489038,,0,False
SHP-000106,ORD-000106,WH-EU-001,UK,UK,FedEx Express Air,Road Truckload,DELIVERED,2026-07-10 12:00:44.489038,2026-07-20 12:00:44.489038,2026-07-20 12:00:44.489038,0,False
SHP-000107,ORD-000107,WH-AP-002,Japan,Japan,Kuehne + Nagel,Air Freight,DELIVERED,2026-07-19 19:00:44.489038,2026-07-24 19:00:44.489038,2026-07-25 19:00:44.489038,24,True
SHP-000108,ORD-000108,WH-EU-001,USA,USA,Kuehne + Nagel,Road Truckload,DELAYED,2026-07-19 15:00:44.489038,2026-07-26 15:00:44.489038,,0,False
SHP-000109,ORD-000109,WH-SA-001,Japan,Japan,DHL Supply Chain,Rail Express,DELIVERED,2026-07-31 01:00:44.489038,2026-08-04 01:00:44.489038,2026-08-06 01:00:44.489038,48,True
SHP-000110,ORD-000110,WH-ME-001,Switzerland,Switzerland,DHL Supply Chain,Rail Express,DELIVERED,2026-07-19 19:00:44.489038,2026-07-28 19:00:44.489038,2026-07-29 07:00:44.489038,12,True
SHP-000111,ORD-000111,WH-AP-002,USA,USA,DHL Supply Chain,Sea Freight,DELIVERED,2026-08-11 06:00:44.489038,2026-08-20 06:00:44.489038,2026-08-20 06:00:44.489038,0,False
SHP-000112,ORD-000112,WH-SA-001,USA,USA,DHL Supply Chain,Sea Freight,DELIVERED,2026-08-10 03:00:44.489038,2026-08-17 03:00:44.489038,2026-08-17 15:00:44.489038,12,True
SHP-000113,ORD-000113,WH-AP-001,Switzerland,Switzerland,Kuehne + Nagel,Road Truckload,IN_TRANSIT,2026-08-09 00:00:44.489038,2026-08-14 00:00:44.489038,,0,False
SHP-000114,ORD-000114,WH-EU-001,Australia,Australia,DB Schenker,Sea Freight,IN_TRANSIT,2026-07-19 14:00:44.489038,2026-07-23 14:00:44.489038,,0,False
SHP-000115,ORD-000115,WH-US-001,Taiwan,Taiwan,UPS Supply Chain,Sea Freight,IN_TRANSIT,2026-07-02 10:00:44.489038,2026-07-09 10:00:44.489038,,0,False
SHP-000116,ORD-000116,WH-EU-002,Germany,Germany,Cosco Shipping,Road Truckload,IN_TRANSIT,2026-08-08 15:00:44.489038,2026-08-16 15:00:44.489038,,0,False
SHP-000117,ORD-000117,WH-ME-001,UK,UK,Kuehne + Nagel,Sea Freight,DELIVERED,2026-07-12 04:00:44.489038,2026-07-21 04:00:44.489038,2026-07-21 04:00:44.489038,0,False
SHP-000118,ORD-000118,WH-US-001,Japan,Japan,Kuehne + Nagel,Road Truckload,DELIVERED,2026-07-10 17:00:44.489038,2026-07-14 17:00:44.489038,2026-07-15 05:00:44.489038,12,True
SHP-000119,ORD-000119,WH-ME-001,USA,USA,UPS Supply Chain,Air Freight,DELIVERED,2026-08-04 09:00:44.489038,2026-08-13 09:00:44.489038,2026-08-13 21:00:44.489038,12,True
SHP-000120,ORD-000120,WH-EU-002,Switzerland,Switzerland,FedEx Express Air,Rail Express,DELIVERED,2026-07-15 06:00:44.489038,2026-07-25 06:00:44.489038,2026-07-25 18:00:44.489038,12,True
SHP-000121,ORD-000121,WH-US-002,USA,USA,DHL Supply Chain,Road Truckload,DELIVERED,2026-07-18 11:00:44.489038,2026-07-22 11:00:44.489038,2026-07-23 11:00:44.489038,24,True
SHP-000122,ORD-000122,WH-US-001,Germany,Germany,FedEx Express Air,Sea Freight,DELIVERED,2026-08-04 12:00:44.489038,2026-08-07 12:00:44.489038,2026-08-07 12:00:44.489038,0,False
SHP-000123,ORD-000123,WH-AP-001,Switzerland,Switzerland,DB Schenker,Sea Freight,DELIVERED,2026-08-12 01:00:44.489038,2026-08-18 01:00:44.489038,2026-08-19 01:00:44.489038,24,True
SHP-000124,ORD-000124,WH-AP-001,USA,USA,Cosco Shipping,Air Freight,DELIVERED,2026-07-09 01:00:44.489038,2026-07-18 01:00:44.489038,2026-07-18 01:00:44.489038,0,False
SHP-000125,ORD-000125,WH-US-002,USA,USA,FedEx Express Air,Air Freight,DELIVERED,2026-07-20 11:00:44.489038,2026-07-27 11:00:44.489038,2026-07-27 11:00:44.489038,0,False
SHP-000126,ORD-000126,WH-US-001,USA,USA,Maersk Ocean,Rail Express,DELIVERED,2026-07-31 07:00:44.489038,2026-08-09 07:00:44.489038,2026-08-09 07:00:44.489038,0,False
SHP-000127,ORD-000127,WH-ME-001,Japan,Japan,Kuehne + Nagel,Sea Freight,CUSTOMS_HOLD,2026-07-16 20:00:44.489038,2026-07-26 20:00:44.489038,,0,False
SHP-000128,ORD-000128,WH-AP-002,Australia,Australia,FedEx Express Air,Sea Freight,IN_TRANSIT,2026-07-09 07:00:44.489038,2026-07-14 07:00:44.489038,,0,False
SHP-000129,ORD-000129,WH-US-002,Japan,Japan,DB Schenker,Sea Freight,IN_TRANSIT,2026-08-08 02:00:44.489038,2026-08-14 02:00:44.489038,,0,False
SHP-000130,ORD-000130,WH-US-002,UK,UK,DHL Supply Chain,Rail Express,DELIVERED,2026-07-30 20:00:44.489038,2026-08-05 20:00:44.489038,2026-08-05 20:00:44.489038,0,False
SHP-000131,ORD-000131,WH-EU-001,Switzerland,Switzerland,DB Schenker,Air Freight,IN_TRANSIT,2026-07-16 22:00:44.489038,2026-07-26 22:00:44.489038,,0,False
SHP-000132,ORD-000132,WH-EU-001,Japan,Japan,Maersk Ocean,Rail Express,DELIVERED,2026-07-19 14:00:44.489038,2026-07-22 14:00:44.489038,2026-07-24 14:00:44.489038,48,True
SHP-000133,ORD-000133,WH-AP-003,Japan,Japan,UPS Supply Chain,Road Truckload,DELIVERED,2026-07-04 13:00:44.489038,2026-07-08 13:00:44.489038,2026-07-08 13:00:44.489038,0,False
SHP-000134,ORD-000134,WH-AP-001,Japan,Japan,DHL Supply Chain,Sea Freight,DELIVERED,2026-07-14 13:00:44.489038,2026-07-22 13:00:44.489038,2026-07-22 13:00:44.489038,0,False
SHP-000135,ORD-000135,WH-EU-001,Germany,Germany,UPS Supply Chain,Sea Freight,IN_TRANSIT,2026-07-08 22:00:44.489038,2026-07-12 22:00:44.489038,,0,False
SHP-000136,ORD-000136,WH-EU-001,UK,UK,FedEx Express Air,Road Truckload,DELIVERED,2026-07-31 10:00:44.489038,2026-08-06 10:00:44.489038,2026-08-07 10:00:44.489038,24,True
SHP-000137,ORD-000137,WH-EU-002,USA,USA,UPS Supply Chain,Rail Express,IN_TRANSIT,2026-07-23 21:00:44.489038,2026-07-30 21:00:44.489038,,0,False
SHP-000138,ORD-000138,WH-EU-001,Switzerland,Switzerland,Maersk Ocean,Road Truckload,DELIVERED,2026-07-25 08:00:44.489038,2026-07-29 08:00:44.489038,2026-07-29 08:00:44.489038,0,False
SHP-000139,ORD-000139,WH-US-001,USA,USA,Maersk Ocean,Rail Express,DELIVERED,2026-08-10 10:00:44.489038,2026-08-16 10:00:44.489038,2026-08-16 10:00:44.489038,0,False
SHP-000140,ORD-000140,WH-EU-001,USA,USA,Cosco Shipping,Air Freight,DELIVERED,2026-08-10 18:00:44.489038,2026-08-15 18:00:44.489038,2026-08-15 18:00:44.489038,0,False
SHP-000141,ORD-000141,WH-AP-003,Switzerland,Switzerland,FedEx Express Air,Road Truckload,DELIVERED,2026-08-14 03:00:44.489038,2026-08-20 03:00:44.489038,2026-08-22 03:00:44.489038,48,True
SHP-000142,ORD-000142,WH-AP-003,UK,UK,FedEx Express Air,Sea Freight,DELIVERED,2026-07-29 14:00:44.489038,2026-08-05 14:00:44.489038,2026-08-05 14:00:44.489038,0,False
SHP-000143,ORD-000143,WH-AP-003,Japan,Japan,DB Schenker,Sea Freight,DELIVERED,2026-07-14 02:00:44.489038,2026-07-23 02:00:44.489038,2026-07-23 02:00:44.489038,0,False
SHP-000144,ORD-000144,WH-AP-001,Switzerland,Switzerland,UPS Supply Chain,Rail Express,DELIVERED,2026-08-02 09:00:44.489038,2026-08-09 09:00:44.489038,2026-08-09 21:00:44.489038,12,True
SHP-000145,ORD-000145,WH-AP-003,Switzerland,Switzerland,DHL Supply Chain,Rail Express,IN_TRANSIT,2026-08-04 23:00:44.489038,2026-08-08 23:00:44.489038,,0,False
SHP-000146,ORD-000146,WH-ME-001,USA,USA,Maersk Ocean,Road Truckload,CUSTOMS_HOLD,2026-07-19 07:00:44.489038,2026-07-22 07:00:44.489038,,0,False
SHP-000147,ORD-000147,WH-SA-001,Japan,Japan,Kuehne + Nagel,Sea Freight,DELIVERED,2026-07-13 12:00:44.489038,2026-07-18 12:00:44.489038,2026-07-18 12:00:44.489038,0,False
SHP-000148,ORD-000148,WH-AU-001,USA,USA,Maersk Ocean,Sea Freight,DELIVERED,2026-07-27 17:00:44.489038,2026-08-01 17:00:44.489038,2026-08-02 17:00:44.489038,24,True
SHP-000149,ORD-000149,WH-AU-001,USA,USA,Maersk Ocean,Sea Freight,DELIVERED,2026-08-08 03:00:44.489038,2026-08-14 03:00:44.489038,2026-08-15 03:00:44.489038,24,True
SHP-000150,ORD-000150,WH-ME-001,Taiwan,Taiwan,UPS Supply Chain,Air Freight,DELIVERED,2026-08-04 02:00:44.489038,2026-08-09 02:00:44.489038,2026-08-09 02:00:44.489038,0,False
SHP-000151,ORD-000151,WH-AP-002,USA,USA,Kuehne + Nagel,Sea Freight,DELIVERED,2026-07-24 00:00:44.489038,2026-07-27 00:00:44.489038,2026-07-29 00:00:44.489038,48,True
SHP-000152,ORD-000152,WH-ME-001,Japan,Japan,Kuehne + Nagel,Road Truckload,DELAYED,2026-08-11 14:00:44.489038,2026-08-20 14:00:44.489038,,0,False
SHP-000153,ORD-000153,WH-US-001,Taiwan,Taiwan,FedEx Express Air,Road Truckload,DELIVERED,2026-07-16 07:00:44.489038,2026-07-20 07:00:44.489038,2026-07-20 07:00:44.489038,0,False
SHP-000154,ORD-000154,WH-AP-002,Australia,Australia,DB Schenker,Air Freight,DELIVERED,2026-08-05 21:00:44.489038,2026-08-10 21:00:44.489038,2026-08-10 21:00:44.489038,0,False
SHP-000155,ORD-000155,WH-US-001,Switzerland,Switzerland,FedEx Express Air,Air Freight,DELIVERED,2026-08-06 09:00:44.489038,2026-08-12 09:00:44.489038,2026-08-13 09:00:44.489038,24,True
SHP-000156,ORD-000156,WH-AU-001,Switzerland,Switzerland,DHL Supply Chain,Air Freight,DELIVERED,2026-07-31 05:00:44.489038,2026-08-10 05:00:44.489038,2026-08-12 05:00:44.489038,48,True
SHP-000157,ORD-000157,WH-AP-001,UK,UK,UPS Supply Chain,Rail Express,DELIVERED,2026-07-07 19:00:44.489038,2026-07-16 19:00:44.489038,2026-07-17 07:00:44.489038,12,True
SHP-000158,ORD-000158,WH-AP-002,USA,USA,Cosco Shipping,Air Freight,CUSTOMS_HOLD,2026-08-04 13:00:44.489038,2026-08-11 13:00:44.489038,,0,False
SHP-000159,ORD-000159,WH-US-002,Germany,Germany,FedEx Express Air,Rail Express,DELIVERED,2026-07-26 11:00:44.489038,2026-07-29 11:00:44.489038,2026-07-30 11:00:44.489038,24,True
SHP-000160,ORD-000160,WH-AP-003,USA,USA,Cosco Shipping,Air Freight,IN_TRANSIT,2026-07-12 13:00:44.489038,2026-07-22 13:00:44.489038,,0,False
SHP-000161,ORD-000161,WH-US-001,USA,USA,DB Schenker,Air Freight,DELAYED,2026-07-04 02:00:44.489038,2026-07-10 02:00:44.489038,,0,False
SHP-000162,ORD-000162,WH-AP-003,USA,USA,Maersk Ocean,Rail Express,DELIVERED,2026-08-09 08:00:44.489038,2026-08-15 08:00:44.489038,2026-08-16 08:00:44.489038,24,True
SHP-000163,ORD-000163,WH-AP-002,Taiwan,Taiwan,Maersk Ocean,Sea Freight,DELAYED,2026-07-26 14:00:44.489038,2026-07-30 14:00:44.489038,,0,False
SHP-000164,ORD-000164,WH-US-002,Switzerland,Switzerland,Cosco Shipping,Road Truckload,DELIVERED,2026-08-02 16:00:44.489038,2026-08-07 16:00:44.489038,2026-08-07 16:00:44.489038,0,False
SHP-000165,ORD-000165,WH-AU-001,Switzerland,Switzerland,UPS Supply Chain,Road Truckload,DELIVERED,2026-07-14 11:00:44.489038,2026-07-17 11:00:44.489038,2026-07-19 11:00:44.489038,48,True
SHP-000166,ORD-000166,WH-US-001,USA,USA,Kuehne + Nagel,Air Freight,DELIVERED,2026-07-17 11:00:44.489038,2026-07-23 11:00:44.489038,2026-07-25 11:00:44.489038,48,True
SHP-000167,ORD-000167,WH-AP-003,USA,USA,UPS Supply Chain,Air Freight,DELIVERED,2026-07-22 16:00:44.489038,2026-07-31 16:00:44.489038,2026-07-31 16:00:44.489038,0,False
SHP-000168,ORD-000168,WH-US-002,USA,USA,Cosco Shipping,Road Truckload,DELAYED,2026-07-11 10:00:44.489038,2026-07-17 10:00:44.489038,,0,False
SHP-000169,ORD-000169,WH-US-002,Japan,Japan,FedEx Express Air,Sea Freight,DELIVERED,2026-08-06 14:00:44.489038,2026-08-14 14:00:44.489038,2026-08-14 14:00:44.489038,0,False
SHP-000170,ORD-000170,WH-EU-001,UK,UK,DB Schenker,Rail Express,IN_TRANSIT,2026-08-05 21:00:44.489038,2026-08-15 21:00:44.489038,,0,False
SHP-000171,ORD-000171,WH-EU-002,Japan,Japan,Maersk Ocean,Road Truckload,DELAYED,2026-08-03 16:00:44.489038,2026-08-06 16:00:44.489038,,0,False
SHP-000172,ORD-000172,WH-EU-001,Japan,Japan,FedEx Express Air,Rail Express,DELIVERED,2026-07-17 05:00:44.489038,2026-07-25 05:00:44.489038,2026-07-27 05:00:44.489038,48,True
SHP-000173,ORD-000173,WH-US-002,Japan,Japan,FedEx Express Air,Air Freight,DELAYED,2026-08-04 16:00:44.489038,2026-08-13 16:00:44.489038,,0,False
SHP-000174,ORD-000174,WH-EU-001,Germany,Germany,DB Schenker,Sea Freight,DELIVERED,2026-07-04 22:00:44.489038,2026-07-09 22:00:44.489038,2026-07-11 22:00:44.489038,48,True
SHP-000175,ORD-000175,WH-US-001,USA,USA,DB Schenker,Air Freight,DELIVERED,2026-07-09 19:00:44.489038,2026-07-18 19:00:44.489038,2026-07-19 19:00:44.489038,24,True
SHP-000176,ORD-000176,WH-AP-001,Japan,Japan,Kuehne + Nagel,Sea Freight,DELIVERED,2026-07-24 05:00:44.489038,2026-07-27 05:00:44.489038,2026-07-27 05:00:44.489038,0,False
SHP-000177,ORD-000177,WH-US-001,Germany,Germany,Maersk Ocean,Road Truckload,DELIVERED,2026-08-07 14:00:44.489038,2026-08-14 14:00:44.489038,2026-08-15 14:00:44.489038,24,True
SHP-000178,ORD-000178,WH-US-001,UK,UK,DHL Supply Chain,Air Freight,DELIVERED,2026-07-16 23:00:44.489038,2026-07-23 23:00:44.489038,2026-07-24 23:00:44.489038,24,True
SHP-000179,ORD-000179,WH-US-002,Japan,Japan,FedEx Express Air,Air Freight,DELIVERED,2026-07-19 13:00:44.489038,2026-07-27 13:00:44.489038,2026-07-28 13:00:44.489038,24,True
SHP-000180,ORD-000180,WH-AU-001,Switzerland,Switzerland,Cosco Shipping,Air Freight,DELIVERED,2026-07-03 23:00:44.489038,2026-07-13 23:00:44.489038,2026-07-14 23:00:44.489038,24,True
SHP-000181,ORD-000181,WH-AP-003,Germany,Germany,FedEx Express Air,Air Freight,DELIVERED,2026-07-26 01:00:44.489038,2026-07-31 01:00:44.489038,2026-08-01 01:00:44.489038,24,True
SHP-000182,ORD-000182,WH-SA-001,Switzerland,Switzerland,DB Schenker,Sea Freight,DELIVERED,2026-07-30 00:00:44.489038,2026-08-04 00:00:44.489038,2026-08-05 00:00:44.489038,24,True
SHP-000183,ORD-000183,WH-AU-001,UK,UK,FedEx Express Air,Sea Freight,DELIVERED,2026-08-10 16:00:44.489038,2026-08-17 16:00:44.489038,2026-08-17 16:00:44.489038,0,False
SHP-000184,ORD-000184,WH-ME-001,USA,USA,Cosco Shipping,Air Freight,CUSTOMS_HOLD,2026-07-26 02:00:44.489038,2026-08-05 02:00:44.489038,,0,False
SHP-000185,ORD-000185,WH-AP-002,Japan,Japan,Kuehne + Nagel,Sea Freight,DELIVERED,2026-07-10 23:00:44.489038,2026-07-19 23:00:44.489038,2026-07-20 11:00:44.489038,12,True
SHP-000186,ORD-000186,WH-AP-002,Australia,Australia,DB Schenker,Sea Freight,DELIVERED,2026-07-25 08:00:44.489038,2026-08-01 08:00:44.489038,2026-08-02 08:00:44.489038,24,True
SHP-000187,ORD-000187,WH-AU-001,Switzerland,Switzerland,DB Schenker,Road Truckload,DELIVERED,2026-07-05 00:00:44.489038,2026-07-13 00:00:44.489038,2026-07-15 00:00:44.489038,48,True
SHP-000188,ORD-000188,WH-AP-001,Japan,Japan,Maersk Ocean,Air Freight,IN_TRANSIT,2026-07-19 08:00:44.489038,2026-07-25 08:00:44.489038,,0,False
SHP-000189,ORD-000189,WH-EU-001,USA,USA,UPS Supply Chain,Sea Freight,IN_TRANSIT,2026-07-28 15:00:44.489038,2026-08-03 15:00:44.489038,,0,False
SHP-000190,ORD-000190,WH-EU-001,USA,USA,Maersk Ocean,Air Freight,DELAYED,2026-07-02 15:00:44.489038,2026-07-06 15:00:44.489038,,0,False
SHP-000191,ORD-000191,WH-EU-002,UK,UK,DHL Supply Chain,Sea Freight,DELIVERED,2026-08-13 12:00:44.489038,2026-08-16 12:00:44.489038,2026-08-16 12:00:44.489038,0,False
SHP-000192,ORD-000192,WH-AP-001,Taiwan,Taiwan,Kuehne + Nagel,Rail Express,DELIVERED,2026-07-12 14:00:44.489038,2026-07-19 14:00:44.489038,2026-07-19 14:00:44.489038,0,False
SHP-000193,ORD-000193,WH-EU-001,Taiwan,Taiwan,DHL Supply Chain,Rail Express,CUSTOMS_HOLD,2026-08-14 23:00:44.489038,2026-08-21 23:00:44.489038,,0,False
SHP-000194,ORD-000194,WH-US-002,USA,USA,DB Schenker,Air Freight,DELIVERED,2026-08-10 04:00:44.489038,2026-08-15 04:00:44.489038,2026-08-15 16:00:44.489038,12,True
SHP-000195,ORD-000195,WH-ME-001,USA,USA,UPS Supply Chain,Air Freight,DELAYED,2026-08-13 20:00:44.489038,2026-08-21 20:00:44.489038,,0,False
SHP-000196,ORD-000196,WH-AU-001,USA,USA,Maersk Ocean,Road Truckload,DELIVERED,2026-07-09 06:00:44.489038,2026-07-13 06:00:44.489038,2026-07-13 06:00:44.489038,0,False
SHP-000197,ORD-000197,WH-US-001,Switzerland,Switzerland,DHL Supply Chain,Road Truckload,IN_TRANSIT,2026-07-25 00:00:44.489038,2026-08-03 00:00:44.489038,,0,False
SHP-000198,ORD-000198,WH-US-002,USA,USA,Cosco Shipping,Sea Freight,DELIVERED,2026-07-22 06:00:44.489038,2026-07-27 06:00:44.489038,2026-07-28 06:00:44.489038,24,True
SHP-000199,ORD-000199,WH-ME-001,USA,USA,DHL Supply Chain,Air Freight,DELIVERED,2026-07-10 11:00:44.489038,2026-07-17 11:00:44.489038,2026-07-17 11:00:44.489038,0,False
SHP-000200,ORD-000200,WH-EU-001,Switzerland,Switzerland,DB Schenker,Sea Freight,DELIVERED,2026-07-01 01:00:44.489038,2026-07-08 01:00:44.489038,2026-07-08 01:00:44.489038,0,False
SHP-000201,ORD-000201,WH-SA-001,USA,USA,Maersk Ocean,Road Truckload,IN_TRANSIT,2026-07-17 20:00:44.489038,2026-07-20 20:00:44.489038,,0,False
SHP-000202,ORD-000202,WH-AU-001,Australia,Australia,FedEx Express Air,Air Freight,DELIVERED,2026-08-05 14:00:44.489038,2026-08-15 14:00:44.489038,2026-08-15 14:00:44.489038,0,False
SHP-000203,ORD-000203,WH-AP-003,USA,USA,Kuehne + Nagel,Sea Freight,DELIVERED,2026-08-08 04:00:44.489038,2026-08-14 04:00:44.489038,2026-08-14 04:00:44.489038,0,False
SHP-000204,ORD-000204,WH-AP-002,Japan,Japan,UPS Supply Chain,Air Freight,DELIVERED,2026-08-08 18:00:44.489038,2026-08-11 18:00:44.489038,2026-08-11 18:00:44.489038,0,False
SHP-000205,ORD-000205,WH-AP-001,Australia,Australia,Maersk Ocean,Road Truckload,DELAYED,2026-07-05 04:00:44.489038,2026-07-12 04:00:44.489038,,0,False
SHP-000206,ORD-000206,WH-ME-001,Australia,Australia,UPS Supply Chain,Sea Freight,DELIVERED,2026-07-17 14:00:44.489038,2026-07-21 14:00:44.489038,2026-07-22 02:00:44.489038,12,True
SHP-000207,ORD-000207,WH-AP-002,Taiwan,Taiwan,DB Schenker,Sea Freight,IN_TRANSIT,2026-08-12 19:00:44.489038,2026-08-19 19:00:44.489038,,0,False
SHP-000208,ORD-000208,WH-SA-001,USA,USA,DB Schenker,Air Freight,DELAYED,2026-07-16 14:00:44.489038,2026-07-26 14:00:44.489038,,0,False
SHP-000209,ORD-000209,WH-US-002,Taiwan,Taiwan,Maersk Ocean,Air Freight,CUSTOMS_HOLD,2026-07-12 11:00:44.489038,2026-07-15 11:00:44.489038,,0,False
SHP-000210,ORD-000210,WH-AP-002,USA,USA,DHL Supply Chain,Rail Express,DELIVERED,2026-07-24 05:00:44.489038,2026-07-28 05:00:44.489038,2026-07-28 05:00:44.489038,0,False
SHP-000211,ORD-000211,WH-EU-001,Japan,Japan,UPS Supply Chain,Rail Express,IN_TRANSIT,2026-08-08 09:00:44.489038,2026-08-11 09:00:44.489038,,0,False
SHP-000212,ORD-000212,WH-AU-001,Taiwan,Taiwan,Cosco Shipping,Sea Freight,IN_TRANSIT,2026-07-05 06:00:44.489038,2026-07-09 06:00:44.489038,,0,False
SHP-000213,ORD-000213,WH-SA-001,Japan,Japan,UPS Supply Chain,Road Truckload,DELIVERED,2026-07-09 14:00:44.489038,2026-07-12 14:00:44.489038,2026-07-12 14:00:44.489038,0,False
SHP-000214,ORD-000214,WH-AP-002,USA,USA,Cosco Shipping,Sea Freight,DELIVERED,2026-08-01 17:00:44.489038,2026-08-07 17:00:44.489038,2026-08-08 17:00:44.489038,24,True
SHP-000215,ORD-000215,WH-AP-003,USA,USA,DHL Supply Chain,Road Truckload,DELIVERED,2026-08-13 21:00:44.489038,2026-08-20 21:00:44.489038,2026-08-20 21:00:44.489038,0,False
SHP-000216,ORD-000216,WH-US-002,USA,USA,FedEx Express Air,Sea Freight,DELAYED,2026-07-19 00:00:44.489038,2026-07-27 00:00:44.489038,,0,False
SHP-000217,ORD-000217,WH-EU-002,USA,USA,FedEx Express Air,Air Freight,DELIVERED,2026-08-01 12:00:44.489038,2026-08-11 12:00:44.489038,2026-08-11 12:00:44.489038,0,False
SHP-000218,ORD-000218,WH-SA-001,Taiwan,Taiwan,FedEx Express Air,Road Truckload,IN_TRANSIT,2026-07-21 22:00:44.489038,2026-07-24 22:00:44.489038,,0,False
SHP-000219,ORD-000219,WH-SA-001,USA,USA,Maersk Ocean,Rail Express,DELIVERED,2026-07-29 16:00:44.489038,2026-08-04 16:00:44.489038,2026-08-06 16:00:44.489038,48,True
SHP-000220,ORD-000220,WH-US-001,USA,USA,DB Schenker,Road Truckload,DELIVERED,2026-07-30 13:00:44.489038,2026-08-09 13:00:44.489038,2026-08-09 13:00:44.489038,0,False
SHP-000221,ORD-000221,WH-ME-001,Germany,Germany,DHL Supply Chain,Road Truckload,IN_TRANSIT,2026-07-31 07:00:44.489038,2026-08-07 07:00:44.489038,,0,False
SHP-000222,ORD-000222,WH-AP-003,Australia,Australia,DHL Supply Chain,Sea Freight,DELIVERED,2026-07-03 10:00:44.489038,2026-07-07 10:00:44.489038,2026-07-07 10:00:44.489038,0,False
SHP-000223,ORD-000223,WH-EU-002,UK,UK,Kuehne + Nagel,Road Truckload,DELIVERED,2026-07-25 09:00:44.489038,2026-08-01 09:00:44.489038,2026-08-01 09:00:44.489038,0,False
SHP-000224,ORD-000224,WH-ME-001,Australia,Australia,Maersk Ocean,Rail Express,CUSTOMS_HOLD,2026-08-02 16:00:44.489038,2026-08-11 16:00:44.489038,,0,False
SHP-000225,ORD-000225,WH-US-001,USA,USA,Kuehne + Nagel,Sea Freight,IN_TRANSIT,2026-07-26 09:00:44.489038,2026-08-01 09:00:44.489038,,0,False
SHP-000226,ORD-000226,WH-ME-001,Australia,Australia,FedEx Express Air,Sea Freight,IN_TRANSIT,2026-07-18 08:00:44.489038,2026-07-22 08:00:44.489038,,0,False
SHP-000227,ORD-000227,WH-AU-001,USA,USA,Maersk Ocean,Air Freight,DELIVERED,2026-08-07 08:00:44.489038,2026-08-10 08:00:44.489038,2026-08-11 08:00:44.489038,24,True
SHP-000228,ORD-000228,WH-AU-001,Switzerland,Switzerland,Maersk Ocean,Air Freight,DELIVERED,2026-08-06 20:00:44.489038,2026-08-11 20:00:44.489038,2026-08-11 20:00:44.489038,0,False
SHP-000229,ORD-000229,WH-SA-001,Japan,Japan,Kuehne + Nagel,Air Freight,IN_TRANSIT,2026-07-11 20:00:44.489038,2026-07-16 20:00:44.489038,,0,False
SHP-000230,ORD-000230,WH-AP-001,Taiwan,Taiwan,DB Schenker,Rail Express,DELIVERED,2026-07-29 19:00:44.489038,2026-08-08 19:00:44.489038,2026-08-08 19:00:44.489038,0,False
SHP-000231,ORD-000231,WH-EU-001,Japan,Japan,Kuehne + Nagel,Air Freight,DELIVERED,2026-07-15 10:00:44.489038,2026-07-22 10:00:44.489038,2026-07-22 10:00:44.489038,0,False
SHP-000232,ORD-000232,WH-ME-001,Japan,Japan,UPS Supply Chain,Rail Express,IN_TRANSIT,2026-07-29 16:00:44.489038,2026-08-08 16:00:44.489038,,0,False
SHP-000233,ORD-000233,WH-US-001,USA,USA,DB Schenker,Sea Freight,DELIVERED,2026-07-30 12:00:44.489038,2026-08-09 12:00:44.489038,2026-08-10 00:00:44.489038,12,True
SHP-000234,ORD-000234,WH-EU-002,Germany,Germany,FedEx Express Air,Air Freight,DELAYED,2026-07-05 14:00:44.489038,2026-07-08 14:00:44.489038,,0,False
SHP-000235,ORD-000235,WH-US-001,USA,USA,Maersk Ocean,Road Truckload,DELIVERED,2026-07-14 18:00:44.489038,2026-07-19 18:00:44.489038,2026-07-21 18:00:44.489038,48,True
SHP-000236,ORD-000236,WH-SA-001,Switzerland,Switzerland,DHL Supply Chain,Rail Express,IN_TRANSIT,2026-07-24 12:00:44.489038,2026-08-03 12:00:44.489038,,0,False
SHP-000237,ORD-000237,WH-ME-001,Switzerland,Switzerland,Maersk Ocean,Rail Express,IN_TRANSIT,2026-07-12 03:00:44.489038,2026-07-21 03:00:44.489038,,0,False
SHP-000238,ORD-000238,WH-US-001,Germany,Germany,DHL Supply Chain,Sea Freight,DELIVERED,2026-07-06 20:00:44.489038,2026-07-13 20:00:44.489038,2026-07-13 20:00:44.489038,0,False
SHP-000239,ORD-000239,WH-AP-002,Taiwan,Taiwan,DHL Supply Chain,Rail Express,DELIVERED,2026-08-07 05:00:44.489038,2026-08-16 05:00:44.489038,2026-08-18 05:00:44.489038,48,True
SHP-000240,ORD-000240,WH-US-001,Japan,Japan,DB Schenker,Road Truckload,DELAYED,2026-07-31 08:00:44.489038,2026-08-07 08:00:44.489038,,0,False
SHP-000241,ORD-000241,WH-AP-003,USA,USA,UPS Supply Chain,Road Truckload,DELIVERED,2026-07-30 17:00:44.489038,2026-08-05 17:00:44.489038,2026-08-05 17:00:44.489038,0,False
SHP-000242,ORD-000242,WH-ME-001,Switzerland,Switzerland,UPS Supply Chain,Sea Freight,IN_TRANSIT,2026-08-11 17:00:44.489038,2026-08-14 17:00:44.489038,,0,False
SHP-000243,ORD-000243,WH-AP-003,Switzerland,Switzerland,DB Schenker,Sea Freight,DELIVERED,2026-08-12 08:00:44.489038,2026-08-22 08:00:44.489038,2026-08-23 08:00:44.489038,24,True
SHP-000244,ORD-000244,WH-EU-002,USA,USA,DHL Supply Chain,Rail Express,DELIVERED,2026-07-12 00:00:44.489038,2026-07-15 00:00:44.489038,2026-07-17 00:00:44.489038,48,True
SHP-000245,ORD-000245,WH-ME-001,Taiwan,Taiwan,DB Schenker,Sea Freight,CUSTOMS_HOLD,2026-07-17 16:00:44.489038,2026-07-21 16:00:44.489038,,0,False
SHP-000246,ORD-000246,WH-SA-001,Australia,Australia,DHL Supply Chain,Air Freight,IN_TRANSIT,2026-08-10 10:00:44.489038,2026-08-15 10:00:44.489038,,0,False
SHP-000247,ORD-000247,WH-SA-001,USA,USA,FedEx Express Air,Rail Express,DELAYED,2026-07-02 00:00:44.489038,2026-07-12 00:00:44.489038,,0,False
SHP-000248,ORD-000248,WH-AP-001,USA,USA,UPS Supply Chain,Air Freight,IN_TRANSIT,2026-07-22 02:00:44.489038,2026-07-28 02:00:44.489038,,0,False
SHP-000249,ORD-000249,WH-SA-001,USA,USA,DHL Supply Chain,Air Freight,DELIVERED,2026-07-20 04:00:44.489038,2026-07-23 04:00:44.489038,2026-07-23 04:00:44.489038,0,False
SHP-000250,ORD-000250,WH-US-002,Germany,Germany,Kuehne + Nagel,Air Freight,IN_TRANSIT,2026-07-07 18:00:44.489038,2026-07-11 18:00:44.489038,,0,False
SHP-000251,ORD-000251,WH-AP-001,USA,USA,Cosco Shipping,Rail Express,IN_TRANSIT,2026-07-11 12:00:44.489038,2026-07-18 12:00:44.489038,,0,False
SHP-000252,ORD-000252,WH-AP-001,Germany,Germany,Cosco Shipping,Rail Express,DELIVERED,2026-07-18 03:00:44.489038,2026-07-24 03:00:44.489038,2026-07-24 03:00:44.489038,0,False
SHP-000253,ORD-000253,WH-ME-001,Japan,Japan,FedEx Express Air,Rail Express,IN_TRANSIT,2026-08-05 18:00:44.489038,2026-08-12 18:00:44.489038,,0,False
SHP-000254,ORD-000254,WH-US-001,UK,UK,UPS Supply Chain,Sea Freight,DELIVERED,2026-07-31 06:00:44.489038,2026-08-08 06:00:44.489038,2026-08-08 06:00:44.489038,0,False
SHP-000255,ORD-000255,WH-US-001,USA,USA,Cosco Shipping,Air Freight,DELIVERED,2026-08-09 21:00:44.489038,2026-08-14 21:00:44.489038,2026-08-14 21:00:44.489038,0,False
SHP-000256,ORD-000256,WH-AP-002,Switzerland,Switzerland,DB Schenker,Sea Freight,DELIVERED,2026-07-17 06:00:44.489038,2026-07-25 06:00:44.489038,2026-07-25 06:00:44.489038,0,False
SHP-000257,ORD-000257,WH-US-001,UK,UK,UPS Supply Chain,Rail Express,IN_TRANSIT,2026-07-01 11:00:44.489038,2026-07-07 11:00:44.489038,,0,False
SHP-000258,ORD-000258,WH-US-001,Germany,Germany,Kuehne + Nagel,Sea Freight,DELIVERED,2026-07-31 12:00:44.489038,2026-08-08 12:00:44.489038,2026-08-09 00:00:44.489038,12,True
SHP-000259,ORD-000259,WH-EU-001,USA,USA,Cosco Shipping,Road Truckload,DELIVERED,2026-07-15 02:00:44.489038,2026-07-18 02:00:44.489038,2026-07-20 02:00:44.489038,48,True
SHP-000260,ORD-000260,WH-AU-001,USA,USA,DHL Supply Chain,Air Freight,DELIVERED,2026-07-12 16:00:44.489038,2026-07-16 16:00:44.489038,2026-07-16 16:00:44.489038,0,False
SHP-000261,ORD-000261,WH-SA-001,Australia,Australia,FedEx Express Air,Air Freight,DELIVERED,2026-08-01 02:00:44.489038,2026-08-08 02:00:44.489038,2026-08-08 02:00:44.489038,0,False
SHP-000262,ORD-000262,WH-SA-001,USA,USA,Maersk Ocean,Road Truckload,DELIVERED,2026-07-17 15:00:44.489038,2026-07-25 15:00:44.489038,2026-07-25 15:00:44.489038,0,False
SHP-000263,ORD-000263,WH-ME-001,UK,UK,DB Schenker,Rail Express,DELIVERED,2026-07-20 18:00:44.489038,2026-07-23 18:00:44.489038,2026-07-24 18:00:44.489038,24,True
SHP-000264,ORD-000264,WH-AP-001,USA,USA,Maersk Ocean,Road Truckload,DELIVERED,2026-07-01 21:00:44.489038,2026-07-11 21:00:44.489038,2026-07-13 21:00:44.489038,48,True
SHP-000265,ORD-000265,WH-US-001,Taiwan,Taiwan,Maersk Ocean,Road Truckload,IN_TRANSIT,2026-08-03 00:00:44.489038,2026-08-07 00:00:44.489038,,0,False
SHP-000266,ORD-000266,WH-US-001,UK,UK,FedEx Express Air,Air Freight,DELAYED,2026-08-14 00:00:44.489038,2026-08-18 00:00:44.489038,,0,False
SHP-000267,ORD-000267,WH-AP-002,UK,UK,DB Schenker,Sea Freight,DELAYED,2026-07-11 19:00:44.489038,2026-07-14 19:00:44.489038,,0,False
SHP-000268,ORD-000268,WH-AP-001,USA,USA,UPS Supply Chain,Road Truckload,DELIVERED,2026-07-05 22:00:44.489038,2026-07-09 22:00:44.489038,2026-07-11 22:00:44.489038,48,True
SHP-000269,ORD-000269,WH-US-002,USA,USA,Kuehne + Nagel,Air Freight,DELIVERED,2026-07-16 21:00:44.489038,2026-07-24 21:00:44.489038,2026-07-24 21:00:44.489038,0,False
SHP-000270,ORD-000270,WH-AP-001,UK,UK,DB Schenker,Road Truckload,DELIVERED,2026-07-05 03:00:44.489038,2026-07-14 03:00:44.489038,2026-07-16 03:00:44.489038,48,True
SHP-000271,ORD-000271,WH-AU-001,Australia,Australia,Cosco Shipping,Rail Express,DELIVERED,2026-07-19 21:00:44.489038,2026-07-29 21:00:44.489038,2026-07-31 21:00:44.489038,48,True
SHP-000272,ORD-000272,WH-AP-002,Australia,Australia,UPS Supply Chain,Road Truckload,DELIVERED,2026-08-09 06:00:44.489038,2026-08-18 06:00:44.489038,2026-08-18 06:00:44.489038,0,False
SHP-000273,ORD-000273,WH-EU-001,USA,USA,Cosco Shipping,Road Truckload,DELIVERED,2026-07-24 11:00:44.489038,2026-07-29 11:00:44.489038,2026-07-29 11:00:44.489038,0,False
SHP-000274,ORD-000274,WH-SA-001,Australia,Australia,DB Schenker,Sea Freight,CUSTOMS_HOLD,2026-07-09 20:00:44.489038,2026-07-14 20:00:44.489038,,0,False
SHP-000275,ORD-000275,WH-AP-003,Japan,Japan,Cosco Shipping,Rail Express,DELIVERED,2026-07-29 09:00:44.489038,2026-08-02 09:00:44.489038,2026-08-02 09:00:44.489038,0,False
SHP-000276,ORD-000276,WH-AP-003,UK,UK,UPS Supply Chain,Road Truckload,DELIVERED,2026-07-18 06:00:44.489038,2026-07-26 06:00:44.489038,2026-07-26 06:00:44.489038,0,False
SHP-000277,ORD-000277,WH-AP-002,USA,USA,Maersk Ocean,Air Freight,DELIVERED,2026-07-23 16:00:44.489038,2026-08-02 16:00:44.489038,2026-08-03 04:00:44.489038,12,True
SHP-000278,ORD-000278,WH-SA-001,USA,USA,FedEx Express Air,Rail Express,DELIVERED,2026-07-22 16:00:44.489038,2026-07-29 16:00:44.489038,2026-07-29 16:00:44.489038,0,False
SHP-000279,ORD-000279,WH-AP-002,USA,USA,DB Schenker,Air Freight,DELIVERED,2026-08-08 12:00:44.489038,2026-08-17 12:00:44.489038,2026-08-17 12:00:44.489038,0,False
SHP-000280,ORD-000280,WH-AP-002,USA,USA,DB Schenker,Rail Express,DELIVERED,2026-07-11 18:00:44.489038,2026-07-18 18:00:44.489038,2026-07-18 18:00:44.489038,0,False
SHP-000281,ORD-000281,WH-AP-002,USA,USA,UPS Supply Chain,Sea Freight,DELIVERED,2026-07-27 08:00:44.489038,2026-07-31 08:00:44.489038,2026-07-31 08:00:44.489038,0,False
SHP-000282,ORD-000282,WH-AP-001,Germany,Germany,DHL Supply Chain,Air Freight,IN_TRANSIT,2026-07-03 15:00:44.489038,2026-07-06 15:00:44.489038,,0,False
SHP-000283,ORD-000283,WH-US-002,Australia,Australia,DB Schenker,Air Freight,DELIVERED,2026-07-29 14:00:44.489038,2026-08-05 14:00:44.489038,2026-08-05 14:00:44.489038,0,False
SHP-000284,ORD-000284,WH-AP-002,Germany,Germany,DHL Supply Chain,Air Freight,DELIVERED,2026-07-06 22:00:44.489038,2026-07-15 22:00:44.489038,2026-07-16 22:00:44.489038,24,True
SHP-000285,ORD-000285,WH-SA-001,Australia,Australia,Cosco Shipping,Air Freight,DELAYED,2026-08-07 04:00:44.489038,2026-08-13 04:00:44.489038,,0,False
SHP-000286,ORD-000286,WH-EU-001,USA,USA,Kuehne + Nagel,Road Truckload,DELIVERED,2026-07-30 04:00:44.489038,2026-08-03 04:00:44.489038,2026-08-03 04:00:44.489038,0,False
SHP-000287,ORD-000287,WH-AP-003,USA,USA,FedEx Express Air,Road Truckload,DELIVERED,2026-07-10 16:00:44.489038,2026-07-13 16:00:44.489038,2026-07-14 04:00:44.489038,12,True
SHP-000288,ORD-000288,WH-EU-002,Australia,Australia,Kuehne + Nagel,Rail Express,DELIVERED,2026-07-22 08:00:44.489038,2026-07-25 08:00:44.489038,2026-07-27 08:00:44.489038,48,True
SHP-000289,ORD-000289,WH-SA-001,USA,USA,DB Schenker,Rail Express,DELIVERED,2026-07-23 13:00:44.489038,2026-07-31 13:00:44.489038,2026-08-01 01:00:44.489038,12,True
SHP-000290,ORD-000290,WH-SA-001,USA,USA,Kuehne + Nagel,Air Freight,DELIVERED,2026-07-12 20:00:44.489038,2026-07-16 20:00:44.489038,2026-07-16 20:00:44.489038,0,False
SHP-000291,ORD-000291,WH-AP-003,USA,USA,UPS Supply Chain,Rail Express,IN_TRANSIT,2026-07-03 21:00:44.489038,2026-07-09 21:00:44.489038,,0,False
SHP-000292,ORD-000292,WH-SA-001,Japan,Japan,Cosco Shipping,Air Freight,IN_TRANSIT,2026-07-18 11:00:44.489038,2026-07-22 11:00:44.489038,,0,False
SHP-000293,ORD-000293,WH-EU-001,Germany,Germany,UPS Supply Chain,Road Truckload,DELIVERED,2026-08-10 22:00:44.489038,2026-08-18 22:00:44.489038,2026-08-19 22:00:44.489038,24,True
SHP-000294,ORD-000294,WH-AP-002,USA,USA,Cosco Shipping,Road Truckload,DELIVERED,2026-07-28 02:00:44.489038,2026-08-04 02:00:44.489038,2026-08-05 02:00:44.489038,24,True
SHP-000295,ORD-000295,WH-ME-001,USA,USA,FedEx Express Air,Air Freight,DELAYED,2026-07-22 16:00:44.489038,2026-07-30 16:00:44.489038,,0,False
SHP-000296,ORD-000296,WH-AP-001,Japan,Japan,Maersk Ocean,Rail Express,DELIVERED,2026-07-12 04:00:44.489038,2026-07-15 04:00:44.489038,2026-07-15 04:00:44.489038,0,False
SHP-000297,ORD-000297,WH-AP-003,USA,USA,Cosco Shipping,Sea Freight,DELIVERED,2026-07-22 22:00:44.489038,2026-07-31 22:00:44.489038,2026-07-31 22:00:44.489038,0,False
SHP-000298,ORD-000298,WH-EU-002,USA,USA,Kuehne + Nagel,Air Freight,DELIVERED,2026-07-07 02:00:44.489038,2026-07-12 02:00:44.489038,2026-07-12 02:00:44.489038,0,False
SHP-000299,ORD-000299,WH-SA-001,USA,USA,DB Schenker,Air Freight,CUSTOMS_HOLD,2026-08-08 17:00:44.489038,2026-08-12 17:00:44.489038,,0,False
SHP-000300,ORD-000300,WH-AP-001,Germany,Germany,DB Schenker,Sea Freight,DELIVERED,2026-07-29 03:00:44.489038,2026-08-04 03:00:44.489038,2026-08-04 15:00:44.489038,12,True
SHP-000301,ORD-000301,WH-ME-001,Germany,Germany,DHL Supply Chain,Sea Freight,DELIVERED,2026-07-29 02:00:44.489038,2026-08-04 02:00:44.489038,2026-08-04 02:00:44.489038,0,False
SHP-000302,ORD-000302,WH-EU-002,USA,USA,Cosco Shipping,Rail Express,DELIVERED,2026-08-10 22:00:44.489038,2026-08-16 22:00:44.489038,2026-08-16 22:00:44.489038,0,False
SHP-000303,ORD-000303,WH-SA-001,Germany,Germany,Kuehne + Nagel,Sea Freight,DELIVERED,2026-07-22 02:00:44.489038,2026-07-28 02:00:44.489038,2026-07-28 02:00:44.489038,0,False
SHP-000304,ORD-000304,WH-SA-001,USA,USA,Kuehne + Nagel,Road Truckload,DELIVERED,2026-07-10 17:00:44.489038,2026-07-17 17:00:44.489038,2026-07-17 17:00:44.489038,0,False
SHP-000305,ORD-000305,WH-AP-001,USA,USA,Kuehne + Nagel,Road Truckload,DELIVERED,2026-07-22 04:00:44.489038,2026-07-29 04:00:44.489038,2026-07-29 04:00:44.489038,0,False
SHP-000306,ORD-000306,WH-EU-002,Australia,Australia,Maersk Ocean,Road Truckload,DELIVERED,2026-07-12 06:00:44.489038,2026-07-22 06:00:44.489038,2026-07-23 06:00:44.489038,24,True
SHP-000307,ORD-000307,WH-AP-002,UK,UK,DB Schenker,Sea Freight,DELIVERED,2026-08-01 02:00:44.489038,2026-08-09 02:00:44.489038,2026-08-09 02:00:44.489038,0,False
SHP-000308,ORD-000308,WH-AU-001,USA,USA,Maersk Ocean,Rail Express,DELIVERED,2026-07-31 16:00:44.489038,2026-08-04 16:00:44.489038,2026-08-04 16:00:44.489038,0,False
SHP-000309,ORD-000309,WH-AP-001,Taiwan,Taiwan,DB Schenker,Air Freight,IN_TRANSIT,2026-08-07 15:00:44.489038,2026-08-11 15:00:44.489038,,0,False
SHP-000310,ORD-000310,WH-AP-001,USA,USA,Cosco Shipping,Air Freight,DELIVERED,2026-07-20 02:00:44.489038,2026-07-23 02:00:44.489038,2026-07-23 02:00:44.489038,0,False
SHP-000311,ORD-000311,WH-AP-003,USA,USA,Maersk Ocean,Road Truckload,DELIVERED,2026-07-29 02:00:44.489038,2026-08-07 02:00:44.489038,2026-08-07 02:00:44.489038,0,False
SHP-000312,ORD-000312,WH-EU-001,UK,UK,DB Schenker,Sea Freight,DELIVERED,2026-07-30 14:00:44.489038,2026-08-06 14:00:44.489038,2026-08-06 14:00:44.489038,0,False
SHP-000313,ORD-000313,WH-EU-002,USA,USA,FedEx Express Air,Sea Freight,DELIVERED,2026-07-05 23:00:44.489038,2026-07-12 23:00:44.489038,2026-07-12 23:00:44.489038,0,False
SHP-000314,ORD-000314,WH-ME-001,USA,USA,DB Schenker,Rail Express,DELIVERED,2026-07-27 11:00:44.489038,2026-08-02 11:00:44.489038,2026-08-02 11:00:44.489038,0,False
SHP-000315,ORD-000315,WH-AP-002,Japan,Japan,Maersk Ocean,Air Freight,DELIVERED,2026-07-02 06:00:44.489038,2026-07-07 06:00:44.489038,2026-07-07 06:00:44.489038,0,False
SHP-000316,ORD-000316,WH-EU-002,USA,USA,Kuehne + Nagel,Sea Freight,DELIVERED,2026-07-15 16:00:44.489038,2026-07-20 16:00:44.489038,2026-07-22 16:00:44.489038,48,True
SHP-000317,ORD-000317,WH-AU-001,USA,USA,UPS Supply Chain,Road Truckload,DELIVERED,2026-07-03 09:00:44.489038,2026-07-06 09:00:44.489038,2026-07-06 09:00:44.489038,0,False
SHP-000318,ORD-000318,WH-AP-002,USA,USA,FedEx Express Air,Air Freight,IN_TRANSIT,2026-07-30 03:00:44.489038,2026-08-06 03:00:44.489038,,0,False
SHP-000319,ORD-000319,WH-AP-002,UK,UK,Kuehne + Nagel,Sea Freight,DELIVERED,2026-07-12 02:00:44.489038,2026-07-17 02:00:44.489038,2026-07-17 02:00:44.489038,0,False
SHP-000320,ORD-000320,WH-AU-001,Japan,Japan,Maersk Ocean,Sea Freight,IN_TRANSIT,2026-07-01 22:00:44.489038,2026-07-04 22:00:44.489038,,0,False
SHP-000321,ORD-000321,WH-US-001,USA,USA,Maersk Ocean,Sea Freight,IN_TRANSIT,2026-07-09 04:00:44.489038,2026-07-12 04:00:44.489038,,0,False
SHP-000322,ORD-000322,WH-US-002,Australia,Australia,DHL Supply Chain,Sea Freight,DELIVERED,2026-07-28 08:00:44.489038,2026-08-07 08:00:44.489038,2026-08-09 08:00:44.489038,48,True
SHP-000323,ORD-000323,WH-US-002,USA,USA,UPS Supply Chain,Sea Freight,DELIVERED,2026-07-25 08:00:44.489038,2026-08-04 08:00:44.489038,2026-08-05 08:00:44.489038,24,True
SHP-000324,ORD-000324,WH-AU-001,Taiwan,Taiwan,FedEx Express Air,Air Freight,IN_TRANSIT,2026-07-03 07:00:44.489038,2026-07-08 07:00:44.489038,,0,False
SHP-000325,ORD-000325,WH-EU-001,USA,USA,Cosco Shipping,Sea Freight,DELIVERED,2026-07-26 21:00:44.489038,2026-07-31 21:00:44.489038,2026-07-31 21:00:44.489038,0,False
SHP-000326,ORD-000326,WH-US-002,UK,UK,FedEx Express Air,Road Truckload,IN_TRANSIT,2026-08-10 10:00:44.489038,2026-08-19 10:00:44.489038,,0,False
SHP-000327,ORD-000327,WH-SA-001,Taiwan,Taiwan,FedEx Express Air,Air Freight,DELIVERED,2026-07-21 06:00:44.489038,2026-07-31 06:00:44.489038,2026-07-31 06:00:44.489038,0,False
SHP-000328,ORD-000328,WH-US-002,USA,USA,Kuehne + Nagel,Road Truckload,DELIVERED,2026-08-06 21:00:44.489038,2026-08-09 21:00:44.489038,2026-08-10 09:00:44.489038,12,True
SHP-000329,ORD-000329,WH-SA-001,Japan,Japan,UPS Supply Chain,Sea Freight,DELIVERED,2026-07-27 07:00:44.489038,2026-08-05 07:00:44.489038,2026-08-07 07:00:44.489038,48,True
SHP-000330,ORD-000330,WH-EU-002,Switzerland,Switzerland,FedEx Express Air,Air Freight,DELIVERED,2026-07-07 07:00:44.489038,2026-07-10 07:00:44.489038,2026-07-10 07:00:44.489038,0,False
SHP-000331,ORD-000331,WH-AP-001,Switzerland,Switzerland,Maersk Ocean,Sea Freight,DELIVERED,2026-07-13 10:00:44.489038,2026-07-16 10:00:44.489038,2026-07-18 10:00:44.489038,48,True
SHP-000332,ORD-000332,WH-US-002,Japan,Japan,Kuehne + Nagel,Sea Freight,IN_TRANSIT,2026-07-14 14:00:44.489038,2026-07-17 14:00:44.489038,,0,False
SHP-000333,ORD-000333,WH-SA-001,Germany,Germany,Cosco Shipping,Air Freight,DELAYED,2026-07-03 08:00:44.489038,2026-07-06 08:00:44.489038,,0,False
SHP-000334,ORD-000334,WH-US-002,UK,UK,Cosco Shipping,Sea Freight,IN_TRANSIT,2026-07-11 20:00:44.489038,2026-07-18 20:00:44.489038,,0,False
SHP-000335,ORD-000335,WH-ME-001,USA,USA,Kuehne + Nagel,Air Freight,DELIVERED,2026-08-08 14:00:44.489038,2026-08-16 14:00:44.489038,2026-08-16 14:00:44.489038,0,False
SHP-000336,ORD-000336,WH-AP-003,Germany,Germany,DHL Supply Chain,Sea Freight,DELIVERED,2026-07-29 23:00:44.489038,2026-08-02 23:00:44.489038,2026-08-03 23:00:44.489038,24,True
SHP-000337,ORD-000337,WH-EU-001,Japan,Japan,DHL Supply Chain,Rail Express,DELIVERED,2026-08-06 23:00:44.489038,2026-08-11 23:00:44.489038,2026-08-11 23:00:44.489038,0,False
SHP-000338,ORD-000338,WH-EU-001,UK,UK,UPS Supply Chain,Rail Express,IN_TRANSIT,2026-08-08 23:00:44.489038,2026-08-14 23:00:44.489038,,0,False
SHP-000339,ORD-000339,WH-SA-001,Japan,Japan,UPS Supply Chain,Air Freight,IN_TRANSIT,2026-08-02 14:00:44.489038,2026-08-10 14:00:44.489038,,0,False
SHP-000340,ORD-000340,WH-US-001,Japan,Japan,DB Schenker,Rail Express,DELAYED,2026-07-17 16:00:44.489038,2026-07-22 16:00:44.489038,,0,False
SHP-000341,ORD-000341,WH-US-001,UK,UK,FedEx Express Air,Road Truckload,DELIVERED,2026-07-02 17:00:44.489038,2026-07-05 17:00:44.489038,2026-07-05 17:00:44.489038,0,False
SHP-000342,ORD-000342,WH-SA-001,UK,UK,DHL Supply Chain,Air Freight,DELIVERED,2026-07-28 05:00:44.489038,2026-08-02 05:00:44.489038,2026-08-02 05:00:44.489038,0,False
SHP-000343,ORD-000343,WH-EU-002,Japan,Japan,DB Schenker,Sea Freight,DELIVERED,2026-07-02 12:00:44.489038,2026-07-08 12:00:44.489038,2026-07-08 12:00:44.489038,0,False
SHP-000344,ORD-000344,WH-SA-001,USA,USA,Kuehne + Nagel,Rail Express,DELIVERED,2026-07-16 10:00:44.489038,2026-07-25 10:00:44.489038,2026-07-25 10:00:44.489038,0,False
SHP-000345,ORD-000345,WH-AP-001,UK,UK,FedEx Express Air,Air Freight,DELIVERED,2026-08-02 22:00:44.489038,2026-08-07 22:00:44.489038,2026-08-07 22:00:44.489038,0,False
SHP-000346,ORD-000346,WH-SA-001,Germany,Germany,Maersk Ocean,Rail Express,DELIVERED,2026-08-06 03:00:44.489038,2026-08-11 03:00:44.489038,2026-08-11 03:00:44.489038,0,False
SHP-000347,ORD-000347,WH-AP-002,Switzerland,Switzerland,UPS Supply Chain,Road Truckload,DELAYED,2026-07-23 05:00:44.489038,2026-07-27 05:00:44.489038,,0,False
SHP-000348,ORD-000348,WH-AU-001,Switzerland,Switzerland,UPS Supply Chain,Sea Freight,DELIVERED,2026-08-09 11:00:44.489038,2026-08-14 11:00:44.489038,2026-08-14 11:00:44.489038,0,False
SHP-000349,ORD-000349,WH-US-002,Germany,Germany,Cosco Shipping,Sea Freight,DELIVERED,2026-07-25 17:00:44.489038,2026-08-04 17:00:44.489038,2026-08-06 17:00:44.489038,48,True
SHP-000350,ORD-000350,WH-US-001,USA,USA,DHL Supply Chain,Road Truckload,DELIVERED,2026-08-08 19:00:44.489038,2026-08-14 19:00:44.489038,2026-08-14 19:00:44.489038,0,False
SHP-000351,ORD-000351,WH-AP-001,Japan,Japan,Kuehne + Nagel,Road Truckload,IN_TRANSIT,2026-07-02 00:00:44.489038,2026-07-12 00:00:44.489038,,0,False
SHP-000352,ORD-000352,WH-EU-001,Japan,Japan,FedEx Express Air,Rail Express,IN_TRANSIT,2026-08-10 16:00:44.489038,2026-08-16 16:00:44.489038,,0,False
SHP-000353,ORD-000353,WH-US-002,Switzerland,Switzerland,DB Schenker,Rail Express,DELAYED,2026-07-05 04:00:44.489038,2026-07-08 04:00:44.489038,,0,False
SHP-000354,ORD-000354,WH-AP-003,USA,USA,Kuehne + Nagel,Air Freight,IN_TRANSIT,2026-08-11 08:00:44.489038,2026-08-21 08:00:44.489038,,0,False
SHP-000355,ORD-000355,WH-ME-001,Switzerland,Switzerland,Kuehne + Nagel,Sea Freight,DELIVERED,2026-08-05 17:00:44.489038,2026-08-13 17:00:44.489038,2026-08-14 17:00:44.489038,24,True
SHP-000356,ORD-000356,WH-SA-001,USA,USA,DB Schenker,Rail Express,IN_TRANSIT,2026-07-26 17:00:44.489038,2026-08-04 17:00:44.489038,,0,False
SHP-000357,ORD-000357,WH-AU-001,Switzerland,Switzerland,FedEx Express Air,Air Freight,DELIVERED,2026-08-01 12:00:44.489038,2026-08-07 12:00:44.489038,2026-08-07 12:00:44.489038,0,False
SHP-000358,ORD-000358,WH-ME-001,USA,USA,DHL Supply Chain,Road Truckload,IN_TRANSIT,2026-07-13 01:00:44.489038,2026-07-20 01:00:44.489038,,0,False
SHP-000359,ORD-000359,WH-US-001,Switzerland,Switzerland,UPS Supply Chain,Rail Express,DELIVERED,2026-07-09 13:00:44.489038,2026-07-17 13:00:44.489038,2026-07-19 13:00:44.489038,48,True
SHP-000360,ORD-000360,WH-AP-002,USA,USA,Maersk Ocean,Rail Express,DELIVERED,2026-07-30 11:00:44.489038,2026-08-07 11:00:44.489038,2026-08-07 11:00:44.489038,0,False
SHP-000361,ORD-000361,WH-AU-001,USA,USA,Kuehne + Nagel,Sea Freight,DELIVERED,2026-07-28 08:00:44.489038,2026-07-31 08:00:44.489038,2026-08-02 08:00:44.489038,48,True
SHP-000362,ORD-000362,WH-AP-001,USA,USA,Kuehne + Nagel,Air Freight,CUSTOMS_HOLD,2026-07-08 19:00:44.489038,2026-07-16 19:00:44.489038,,0,False
SHP-000363,ORD-000363,WH-EU-001,Switzerland,Switzerland,Maersk Ocean,Air Freight,CUSTOMS_HOLD,2026-08-13 03:00:44.489038,2026-08-18 03:00:44.489038,,0,False
SHP-000364,ORD-000364,WH-AU-001,USA,USA,UPS Supply Chain,Sea Freight,IN_TRANSIT,2026-07-15 07:00:44.489038,2026-07-22 07:00:44.489038,,0,False
SHP-000365,ORD-000365,WH-EU-002,USA,USA,DHL Supply Chain,Air Freight,DELIVERED,2026-07-31 16:00:44.489038,2026-08-08 16:00:44.489038,2026-08-09 04:00:44.489038,12,True
SHP-000366,ORD-000366,WH-AP-002,Germany,Germany,Maersk Ocean,Road Truckload,DELIVERED,2026-07-12 02:00:44.489038,2026-07-19 02:00:44.489038,2026-07-19 02:00:44.489038,0,False
SHP-000367,ORD-000367,WH-SA-001,Switzerland,Switzerland,Cosco Shipping,Rail Express,DELIVERED,2026-08-10 02:00:44.489038,2026-08-14 02:00:44.489038,2026-08-14 02:00:44.489038,0,False
SHP-000368,ORD-000368,WH-US-001,USA,USA,Kuehne + Nagel,Road Truckload,DELIVERED,2026-08-02 15:00:44.489038,2026-08-06 15:00:44.489038,2026-08-06 15:00:44.489038,0,False
SHP-000369,ORD-000369,WH-US-001,USA,USA,UPS Supply Chain,Sea Freight,IN_TRANSIT,2026-08-12 03:00:44.489038,2026-08-22 03:00:44.489038,,0,False
SHP-000370,ORD-000370,WH-AP-003,UK,UK,Maersk Ocean,Air Freight,DELIVERED,2026-08-06 02:00:44.489038,2026-08-16 02:00:44.489038,2026-08-16 14:00:44.489038,12,True
SHP-000371,ORD-000371,WH-ME-001,Switzerland,Switzerland,FedEx Express Air,Sea Freight,DELIVERED,2026-07-15 18:00:44.489038,2026-07-22 18:00:44.489038,2026-07-22 18:00:44.489038,0,False
SHP-000372,ORD-000372,WH-AU-001,Japan,Japan,DB Schenker,Road Truckload,DELIVERED,2026-07-17 13:00:44.489038,2026-07-21 13:00:44.489038,2026-07-23 13:00:44.489038,48,True
SHP-000373,ORD-000373,WH-AP-003,USA,USA,DHL Supply Chain,Sea Freight,DELAYED,2026-07-11 15:00:44.489038,2026-07-20 15:00:44.489038,,0,False
SHP-000374,ORD-000374,WH-AU-001,Japan,Japan,Kuehne + Nagel,Road Truckload,DELAYED,2026-07-01 13:00:44.489038,2026-07-06 13:00:44.489038,,0,False
SHP-000375,ORD-000375,WH-AP-003,Taiwan,Taiwan,FedEx Express Air,Air Freight,IN_TRANSIT,2026-07-26 03:00:44.489038,2026-08-04 03:00:44.489038,,0,False
SHP-000376,ORD-000376,WH-US-002,Germany,Germany,Kuehne + Nagel,Road Truckload,DELIVERED,2026-07-06 13:00:44.489038,2026-07-12 13:00:44.489038,2026-07-12 13:00:44.489038,0,False
SHP-000377,ORD-000377,WH-EU-002,USA,USA,Maersk Ocean,Air Freight,CUSTOMS_HOLD,2026-07-29 20:00:44.489038,2026-08-05 20:00:44.489038,,0,False
SHP-000378,ORD-000378,WH-AP-002,Japan,Japan,Kuehne + Nagel,Air Freight,IN_TRANSIT,2026-07-25 09:00:44.489038,2026-07-30 09:00:44.489038,,0,False
SHP-000379,ORD-000379,WH-AU-001,UK,UK,UPS Supply Chain,Road Truckload,DELIVERED,2026-08-07 15:00:44.489038,2026-08-10 15:00:44.489038,2026-08-10 15:00:44.489038,0,False
SHP-000380,ORD-000380,WH-US-001,Australia,Australia,Maersk Ocean,Air Freight,IN_TRANSIT,2026-07-01 19:00:44.489038,2026-07-08 19:00:44.489038,,0,False
SHP-000381,ORD-000381,WH-ME-001,Australia,Australia,DB Schenker,Road Truckload,DELIVERED,2026-07-01 07:00:44.489038,2026-07-04 07:00:44.489038,2026-07-06 07:00:44.489038,48,True
SHP-000382,ORD-000382,WH-EU-002,Japan,Japan,UPS Supply Chain,Air Freight,DELIVERED,2026-08-04 01:00:44.489038,2026-08-10 01:00:44.489038,2026-08-12 01:00:44.489038,48,True
SHP-000383,ORD-000383,WH-AP-001,Japan,Japan,DB Schenker,Road Truckload,IN_TRANSIT,2026-08-13 20:00:44.489038,2026-08-17 20:00:44.489038,,0,False
SHP-000384,ORD-000384,WH-AU-001,USA,USA,FedEx Express Air,Road Truckload,DELIVERED,2026-07-15 07:00:44.489038,2026-07-22 07:00:44.489038,2026-07-24 07:00:44.489038,48,True
SHP-000385,ORD-000385,WH-US-002,Taiwan,Taiwan,UPS Supply Chain,Air Freight,DELAYED,2026-08-04 23:00:44.489038,2026-08-14 23:00:44.489038,,0,False
SHP-000386,ORD-000386,WH-US-001,Japan,Japan,DB Schenker,Road Truckload,IN_TRANSIT,2026-07-17 08:00:44.489038,2026-07-22 08:00:44.489038,,0,False
SHP-000387,ORD-000387,WH-US-001,USA,USA,Kuehne + Nagel,Sea Freight,IN_TRANSIT,2026-07-09 15:00:44.489038,2026-07-12 15:00:44.489038,,0,False
SHP-000388,ORD-000388,WH-AP-003,USA,USA,Maersk Ocean,Rail Express,DELAYED,2026-07-07 22:00:44.489038,2026-07-13 22:00:44.489038,,0,False
SHP-000389,ORD-000389,WH-SA-001,USA,USA,FedEx Express Air,Sea Freight,IN_TRANSIT,2026-07-22 03:00:44.489038,2026-08-01 03:00:44.489038,,0,False
SHP-000390,ORD-000390,WH-AP-002,Germany,Germany,Maersk Ocean,Air Freight,IN_TRANSIT,2026-08-05 03:00:44.489038,2026-08-11 03:00:44.489038,,0,False
SHP-000391,ORD-000391,WH-EU-002,Japan,Japan,Maersk Ocean,Sea Freight,CUSTOMS_HOLD,2026-08-09 18:00:44.489038,2026-08-13 18:00:44.489038,,0,False
SHP-000392,ORD-000392,WH-ME-001,Germany,Germany,FedEx Express Air,Air Freight,DELIVERED,2026-07-27 11:00:44.489038,2026-07-31 11:00:44.489038,2026-08-02 11:00:44.489038,48,True
SHP-000393,ORD-000393,WH-AP-003,Japan,Japan,DHL Supply Chain,Rail Express,DELIVERED,2026-08-12 12:00:44.489038,2026-08-16 12:00:44.489038,2026-08-17 00:00:44.489038,12,True
SHP-000394,ORD-000394,WH-ME-001,Taiwan,Taiwan,DHL Supply Chain,Rail Express,DELIVERED,2026-07-23 12:00:44.489038,2026-07-30 12:00:44.489038,2026-07-30 12:00:44.489038,0,False
SHP-000395,ORD-000395,WH-AP-003,USA,USA,Cosco Shipping,Road Truckload,DELIVERED,2026-07-28 05:00:44.489038,2026-08-05 05:00:44.489038,2026-08-05 05:00:44.489038,0,False
SHP-000396,ORD-000396,WH-AP-002,USA,USA,Kuehne + Nagel,Road Truckload,DELIVERED,2026-07-02 05:00:44.489038,2026-07-07 05:00:44.489038,2026-07-07 05:00:44.489038,0,False
SHP-000397,ORD-000397,WH-EU-002,UK,UK,UPS Supply Chain,Sea Freight,IN_TRANSIT,2026-08-01 05:00:44.489038,2026-08-07 05:00:44.489038,,0,False
SHP-000398,ORD-000398,WH-EU-002,Switzerland,Switzerland,DHL Supply Chain,Rail Express,DELIVERED,2026-07-17 03:00:44.489038,2026-07-27 03:00:44.489038,2026-07-27 03:00:44.489038,0,False
SHP-000399,ORD-000399,WH-AP-002,Australia,Australia,Maersk Ocean,Rail Express,DELIVERED,2026-07-13 03:00:44.489038,2026-07-23 03:00:44.489038,2026-07-24 03:00:44.489038,24,True
SHP-000400,ORD-000400,WH-ME-001,Germany,Germany,UPS Supply Chain,Rail Express,DELIVERED,2026-07-19 03:00:44.489038,2026-07-22 03:00:44.489038,2026-07-22 03:00:44.489038,0,False
SHP-000401,ORD-000401,WH-AP-002,Germany,Germany,Kuehne + Nagel,Rail Express,DELIVERED,2026-07-08 21:00:44.489038,2026-07-15 21:00:44.489038,2026-07-15 21:00:44.489038,0,False
SHP-000402,ORD-000402,WH-US-001,USA,USA,DHL Supply Chain,Rail Express,DELIVERED,2026-07-22 11:00:44.489038,2026-07-30 11:00:44.489038,2026-07-31 11:00:44.489038,24,True
SHP-000403,ORD-000403,WH-AP-002,Switzerland,Switzerland,DB Schenker,Rail Express,DELIVERED,2026-08-10 04:00:44.489038,2026-08-15 04:00:44.489038,2026-08-15 04:00:44.489038,0,False
SHP-000404,ORD-000404,WH-SA-001,Switzerland,Switzerland,DHL Supply Chain,Rail Express,DELIVERED,2026-08-07 10:00:44.489038,2026-08-16 10:00:44.489038,2026-08-16 22:00:44.489038,12,True
SHP-000405,ORD-000405,WH-AP-002,Australia,Australia,Kuehne + Nagel,Road Truckload,DELIVERED,2026-07-23 03:00:44.489038,2026-08-01 03:00:44.489038,2026-08-01 15:00:44.489038,12,True
SHP-000406,ORD-000406,WH-AP-003,UK,UK,DHL Supply Chain,Rail Express,DELIVERED,2026-07-13 17:00:44.489038,2026-07-17 17:00:44.489038,2026-07-18 05:00:44.489038,12,True
SHP-000407,ORD-000407,WH-EU-002,Japan,Japan,UPS Supply Chain,Road Truckload,CUSTOMS_HOLD,2026-07-23 00:00:44.489038,2026-08-02 00:00:44.489038,,0,False
SHP-000408,ORD-000408,WH-US-001,Japan,Japan,Cosco Shipping,Rail Express,DELIVERED,2026-07-19 19:00:44.489038,2026-07-29 19:00:44.489038,2026-07-30 19:00:44.489038,24,True
SHP-000409,ORD-000409,WH-US-001,Taiwan,Taiwan,UPS Supply Chain,Air Freight,DELIVERED,2026-07-29 20:00:44.489038,2026-08-07 20:00:44.489038,2026-08-09 20:00:44.489038,48,True
SHP-000410,ORD-000410,WH-ME-001,USA,USA,UPS Supply Chain,Road Truckload,IN_TRANSIT,2026-07-15 21:00:44.489038,2026-07-22 21:00:44.489038,,0,False
SHP-000411,ORD-000411,WH-AP-003,USA,USA,Cosco Shipping,Rail Express,IN_TRANSIT,2026-08-11 06:00:44.489038,2026-08-14 06:00:44.489038,,0,False
SHP-000412,ORD-000412,WH-US-002,Australia,Australia,UPS Supply Chain,Rail Express,CUSTOMS_HOLD,2026-07-15 23:00:44.489038,2026-07-22 23:00:44.489038,,0,False
SHP-000413,ORD-000413,WH-US-001,USA,USA,DHL Supply Chain,Sea Freight,DELAYED,2026-06-29 11:00:44.489038,2026-07-04 11:00:44.489038,,0,False
SHP-000414,ORD-000414,WH-US-002,USA,USA,DB Schenker,Road Truckload,IN_TRANSIT,2026-08-11 11:00:44.489038,2026-08-19 11:00:44.489038,,0,False
SHP-000415,ORD-000415,WH-US-001,Germany,Germany,UPS Supply Chain,Sea Freight,DELIVERED,2026-08-10 06:00:44.489038,2026-08-20 06:00:44.489038,2026-08-20 06:00:44.489038,0,False
SHP-000416,ORD-000416,WH-US-002,Australia,Australia,Maersk Ocean,Road Truckload,DELIVERED,2026-07-22 08:00:44.489038,2026-07-28 08:00:44.489038,2026-07-28 08:00:44.489038,0,False
SHP-000417,ORD-000417,WH-AP-003,UK,UK,FedEx Express Air,Sea Freight,DELIVERED,2026-08-09 22:00:44.489038,2026-08-19 22:00:44.489038,2026-08-20 22:00:44.489038,24,True
SHP-000418,ORD-000418,WH-EU-002,Germany,Germany,DHL Supply Chain,Air Freight,IN_TRANSIT,2026-07-05 13:00:44.489038,2026-07-08 13:00:44.489038,,0,False
SHP-000419,ORD-000419,WH-AU-001,Japan,Japan,DHL Supply Chain,Rail Express,CUSTOMS_HOLD,2026-07-31 09:00:44.489038,2026-08-05 09:00:44.489038,,0,False
SHP-000420,ORD-000420,WH-AP-003,USA,USA,UPS Supply Chain,Air Freight,DELIVERED,2026-08-01 06:00:44.489038,2026-08-08 06:00:44.489038,2026-08-08 06:00:44.489038,0,False
SHP-000421,ORD-000421,WH-US-001,USA,USA,DHL Supply Chain,Rail Express,DELIVERED,2026-07-05 11:00:44.489038,2026-07-15 11:00:44.489038,2026-07-15 11:00:44.489038,0,False
SHP-000422,ORD-000422,WH-EU-001,Germany,Germany,UPS Supply Chain,Air Freight,DELIVERED,2026-06-29 10:00:44.489038,2026-07-05 10:00:44.489038,2026-07-05 22:00:44.489038,12,True
SHP-000423,ORD-000423,WH-AP-002,Japan,Japan,FedEx Express Air,Road Truckload,IN_TRANSIT,2026-07-19 10:00:44.489038,2026-07-28 10:00:44.489038,,0,False
SHP-000424,ORD-000424,WH-AU-001,Switzerland,Switzerland,UPS Supply Chain,Air Freight,DELIVERED,2026-07-21 10:00:44.489038,2026-07-28 10:00:44.489038,2026-07-29 10:00:44.489038,24,True
SHP-000425,ORD-000425,WH-ME-001,USA,USA,FedEx Express Air,Air Freight,DELIVERED,2026-08-11 06:00:44.489038,2026-08-15 06:00:44.489038,2026-08-15 06:00:44.489038,0,False
SHP-000426,ORD-000426,WH-EU-001,Germany,Germany,FedEx Express Air,Air Freight,DELAYED,2026-08-10 06:00:44.489038,2026-08-14 06:00:44.489038,,0,False
SHP-000427,ORD-000427,WH-EU-001,UK,UK,UPS Supply Chain,Air Freight,DELIVERED,2026-07-28 16:00:44.489038,2026-08-02 16:00:44.489038,2026-08-02 16:00:44.489038,0,False
SHP-000428,ORD-000428,WH-EU-002,Switzerland,Switzerland,Maersk Ocean,Road Truckload,DELIVERED,2026-07-19 00:00:44.489038,2026-07-25 00:00:44.489038,2026-07-27 00:00:44.489038,48,True
SHP-000429,ORD-000429,WH-EU-001,Switzerland,Switzerland,DB Schenker,Air Freight,DELIVERED,2026-07-03 03:00:44.489038,2026-07-12 03:00:44.489038,2026-07-12 03:00:44.489038,0,False
SHP-000430,ORD-000430,WH-ME-001,UK,UK,FedEx Express Air,Road Truckload,CUSTOMS_HOLD,2026-07-05 06:00:44.489038,2026-07-15 06:00:44.489038,,0,False
SHP-000431,ORD-000431,WH-US-002,Japan,Japan,Cosco Shipping,Road Truckload,IN_TRANSIT,2026-07-01 11:00:44.489038,2026-07-04 11:00:44.489038,,0,False
SHP-000432,ORD-000432,WH-US-001,Switzerland,Switzerland,DB Schenker,Air Freight,DELIVERED,2026-07-02 20:00:44.489038,2026-07-09 20:00:44.489038,2026-07-09 20:00:44.489038,0,False
SHP-000433,ORD-000433,WH-AP-001,Taiwan,Taiwan,UPS Supply Chain,Rail Express,IN_TRANSIT,2026-07-21 17:00:44.489038,2026-07-26 17:00:44.489038,,0,False
SHP-000434,ORD-000434,WH-AP-002,USA,USA,Maersk Ocean,Road Truckload,IN_TRANSIT,2026-07-28 17:00:44.489038,2026-07-31 17:00:44.489038,,0,False
SHP-000435,ORD-000435,WH-US-002,Japan,Japan,Cosco Shipping,Sea Freight,DELIVERED,2026-07-25 11:00:44.489038,2026-08-01 11:00:44.489038,2026-08-01 11:00:44.489038,0,False
SHP-000436,ORD-000436,WH-EU-001,USA,USA,DHL Supply Chain,Road Truckload,DELAYED,2026-07-05 02:00:44.489038,2026-07-11 02:00:44.489038,,0,False
SHP-000437,ORD-000437,WH-EU-002,Taiwan,Taiwan,Kuehne + Nagel,Sea Freight,DELAYED,2026-08-09 23:00:44.489038,2026-08-13 23:00:44.489038,,0,False
SHP-000438,ORD-000438,WH-EU-002,Germany,Germany,Maersk Ocean,Sea Freight,DELIVERED,2026-08-13 13:00:44.489038,2026-08-18 13:00:44.489038,2026-08-18 13:00:44.489038,0,False
SHP-000439,ORD-000439,WH-SA-001,USA,USA,DB Schenker,Road Truckload,IN_TRANSIT,2026-08-07 21:00:44.489038,2026-08-15 21:00:44.489038,,0,False
SHP-000440,ORD-000440,WH-AP-003,Japan,Japan,DHL Supply Chain,Road Truckload,IN_TRANSIT,2026-07-23 21:00:44.489038,2026-07-28 21:00:44.489038,,0,False
SHP-000441,ORD-000441,WH-AP-003,UK,UK,UPS Supply Chain,Road Truckload,DELIVERED,2026-07-28 08:00:44.489038,2026-08-04 08:00:44.489038,2026-08-04 08:00:44.489038,0,False
SHP-000442,ORD-000442,WH-US-002,Japan,Japan,Kuehne + Nagel,Rail Express,DELAYED,2026-07-08 15:00:44.489038,2026-07-13 15:00:44.489038,,0,False
SHP-000443,ORD-000443,WH-US-001,Japan,Japan,Kuehne + Nagel,Rail Express,IN_TRANSIT,2026-08-12 17:00:44.489038,2026-08-21 17:00:44.489038,,0,False
SHP-000444,ORD-000444,WH-AP-002,Australia,Australia,Cosco Shipping,Sea Freight,DELIVERED,2026-07-15 09:00:44.489038,2026-07-25 09:00:44.489038,2026-07-26 09:00:44.489038,24,True
SHP-000445,ORD-000445,WH-AP-002,Switzerland,Switzerland,Maersk Ocean,Road Truckload,DELIVERED,2026-07-29 08:00:44.489038,2026-08-08 08:00:44.489038,2026-08-08 20:00:44.489038,12,True
SHP-000446,ORD-000446,WH-AP-001,Germany,Germany,Kuehne + Nagel,Road Truckload,IN_TRANSIT,2026-07-25 17:00:44.489038,2026-07-31 17:00:44.489038,,0,False
SHP-000447,ORD-000447,WH-AP-003,Australia,Australia,DB Schenker,Rail Express,DELIVERED,2026-08-11 21:00:44.489038,2026-08-14 21:00:44.489038,2026-08-14 21:00:44.489038,0,False
SHP-000448,ORD-000448,WH-SA-001,UK,UK,Cosco Shipping,Sea Freight,DELIVERED,2026-08-09 20:00:44.489038,2026-08-15 20:00:44.489038,2026-08-15 20:00:44.489038,0,False
SHP-000449,ORD-000449,WH-AU-001,Taiwan,Taiwan,UPS Supply Chain,Road Truckload,DELIVERED,2026-07-18 20:00:44.489038,2026-07-22 20:00:44.489038,2026-07-23 08:00:44.489038,12,True
SHP-000450,ORD-000450,WH-EU-001,Switzerland,Switzerland,DB Schenker,Rail Express,DELAYED,2026-08-07 03:00:44.489038,2026-08-10 03:00:44.489038,,0,False
SHP-000451,ORD-000451,WH-US-001,UK,UK,Cosco Shipping,Rail Express,DELIVERED,2026-07-08 08:00:44.489038,2026-07-17 08:00:44.489038,2026-07-17 08:00:44.489038,0,False
SHP-000452,ORD-000452,WH-SA-001,Germany,Germany,Maersk Ocean,Sea Freight,CUSTOMS_HOLD,2026-08-12 21:00:44.489038,2026-08-15 21:00:44.489038,,0,False
SHP-000453,ORD-000453,WH-ME-001,Japan,Japan,DB Schenker,Road Truckload,IN_TRANSIT,2026-07-31 23:00:44.489038,2026-08-03 23:00:44.489038,,0,False
SHP-000454,ORD-000454,WH-US-002,Switzerland,Switzerland,Maersk Ocean,Air Freight,DELAYED,2026-07-22 18:00:44.489038,2026-07-27 18:00:44.489038,,0,False
SHP-000455,ORD-000455,WH-AP-002,Japan,Japan,UPS Supply Chain,Sea Freight,IN_TRANSIT,2026-07-09 22:00:44.489038,2026-07-16 22:00:44.489038,,0,False
SHP-000456,ORD-000456,WH-AP-003,UK,UK,Maersk Ocean,Sea Freight,IN_TRANSIT,2026-07-27 21:00:44.489038,2026-08-05 21:00:44.489038,,0,False
SHP-000457,ORD-000457,WH-US-002,Japan,Japan,DB Schenker,Rail Express,DELIVERED,2026-08-05 03:00:44.489038,2026-08-10 03:00:44.489038,2026-08-10 15:00:44.489038,12,True
SHP-000458,ORD-000458,WH-EU-002,USA,USA,Kuehne + Nagel,Sea Freight,CUSTOMS_HOLD,2026-07-15 21:00:44.489038,2026-07-19 21:00:44.489038,,0,False
SHP-000459,ORD-000459,WH-EU-001,Switzerland,Switzerland,Cosco Shipping,Air Freight,IN_TRANSIT,2026-08-07 17:00:44.489038,2026-08-15 17:00:44.489038,,0,False
SHP-000460,ORD-000460,WH-AP-001,Germany,Germany,UPS Supply Chain,Rail Express,IN_TRANSIT,2026-07-20 01:00:44.489038,2026-07-24 01:00:44.489038,,0,False
SHP-000461,ORD-000461,WH-EU-001,Japan,Japan,Maersk Ocean,Air Freight,DELIVERED,2026-07-18 12:00:44.489038,2026-07-24 12:00:44.489038,2026-07-26 12:00:44.489038,48,True
SHP-000462,ORD-000462,WH-AP-002,USA,USA,Kuehne + Nagel,Sea Freight,DELIVERED,2026-08-08 18:00:44.489038,2026-08-13 18:00:44.489038,2026-08-15 18:00:44.489038,48,True
SHP-000463,ORD-000463,WH-AP-003,USA,USA,Kuehne + Nagel,Air Freight,DELIVERED,2026-08-09 11:00:44.489038,2026-08-17 11:00:44.489038,2026-08-18 11:00:44.489038,24,True
SHP-000464,ORD-000464,WH-EU-001,Japan,Japan,UPS Supply Chain,Road Truckload,DELIVERED,2026-08-11 06:00:44.489038,2026-08-20 06:00:44.489038,2026-08-20 18:00:44.489038,12,True
SHP-000465,ORD-000465,WH-AP-001,Taiwan,Taiwan,Maersk Ocean,Air Freight,DELIVERED,2026-07-15 13:00:44.489038,2026-07-18 13:00:44.489038,2026-07-18 13:00:44.489038,0,False
SHP-000466,ORD-000466,WH-US-002,USA,USA,Maersk Ocean,Air Freight,DELIVERED,2026-08-02 10:00:44.489038,2026-08-09 10:00:44.489038,2026-08-09 22:00:44.489038,12,True
SHP-000467,ORD-000467,WH-EU-002,Taiwan,Taiwan,Maersk Ocean,Rail Express,DELIVERED,2026-08-06 05:00:44.489038,2026-08-16 05:00:44.489038,2026-08-18 05:00:44.489038,48,True
SHP-000468,ORD-000468,WH-US-001,USA,USA,UPS Supply Chain,Road Truckload,IN_TRANSIT,2026-07-31 01:00:44.489038,2026-08-08 01:00:44.489038,,0,False
SHP-000469,ORD-000469,WH-AP-001,USA,USA,DB Schenker,Road Truckload,DELIVERED,2026-07-06 16:00:44.489038,2026-07-14 16:00:44.489038,2026-07-16 16:00:44.489038,48,True
SHP-000470,ORD-000470,WH-AP-002,Australia,Australia,Kuehne + Nagel,Air Freight,IN_TRANSIT,2026-07-20 21:00:44.489038,2026-07-27 21:00:44.489038,,0,False
SHP-000471,ORD-000471,WH-AP-002,USA,USA,UPS Supply Chain,Road Truckload,IN_TRANSIT,2026-08-01 12:00:44.489038,2026-08-07 12:00:44.489038,,0,False
SHP-000472,ORD-000472,WH-EU-001,USA,USA,Kuehne + Nagel,Road Truckload,DELIVERED,2026-06-29 23:00:44.489038,2026-07-04 23:00:44.489038,2026-07-04 23:00:44.489038,0,False
SHP-000473,ORD-000473,WH-AU-001,Germany,Germany,DB Schenker,Sea Freight,IN_TRANSIT,2026-08-08 03:00:44.489038,2026-08-14 03:00:44.489038,,0,False
SHP-000474,ORD-000474,WH-ME-001,USA,USA,Kuehne + Nagel,Rail Express,DELAYED,2026-08-12 16:00:44.489038,2026-08-20 16:00:44.489038,,0,False
SHP-000475,ORD-000475,WH-US-002,Australia,Australia,DB Schenker,Air Freight,DELIVERED,2026-07-13 17:00:44.489038,2026-07-18 17:00:44.489038,2026-07-18 17:00:44.489038,0,False
SHP-000476,ORD-000476,WH-AU-001,USA,USA,FedEx Express Air,Sea Freight,DELIVERED,2026-07-20 08:00:44.489038,2026-07-26 08:00:44.489038,2026-07-26 20:00:44.489038,12,True
SHP-000477,ORD-000477,WH-SA-001,Germany,Germany,Kuehne + Nagel,Rail Express,IN_TRANSIT,2026-08-05 23:00:44.489038,2026-08-15 23:00:44.489038,,0,False
SHP-000478,ORD-000478,WH-SA-001,Japan,Japan,Maersk Ocean,Rail Express,IN_TRANSIT,2026-08-12 18:00:44.489038,2026-08-22 18:00:44.489038,,0,False
SHP-000479,ORD-000479,WH-US-001,Germany,Germany,Maersk Ocean,Road Truckload,DELIVERED,2026-08-08 23:00:44.489038,2026-08-16 23:00:44.489038,2026-08-16 23:00:44.489038,0,False
SHP-000480,ORD-000480,WH-EU-002,Japan,Japan,Maersk Ocean,Sea Freight,IN_TRANSIT,2026-08-07 10:00:44.489038,2026-08-16 10:00:44.489038,,0,False
SHP-000481,ORD-000481,WH-EU-001,USA,USA,Kuehne + Nagel,Rail Express,DELAYED,2026-07-04 13:00:44.489038,2026-07-12 13:00:44.489038,,0,False
SHP-000482,ORD-000482,WH-AU-001,USA,USA,DHL Supply Chain,Sea Freight,DELIVERED,2026-07-20 22:00:44.489038,2026-07-27 22:00:44.489038,2026-07-27 22:00:44.489038,0,False
SHP-000483,ORD-000483,WH-AP-002,Switzerland,Switzerland,FedEx Express Air,Air Freight,CUSTOMS_HOLD,2026-07-22 16:00:44.489038,2026-07-30 16:00:44.489038,,0,False
SHP-000484,ORD-000484,WH-AU-001,Australia,Australia,DHL Supply Chain,Sea Freight,DELIVERED,2026-08-02 09:00:44.489038,2026-08-11 09:00:44.489038,2026-08-11 21:00:44.489038,12,True
SHP-000485,ORD-000485,WH-EU-002,Germany,Germany,Cosco Shipping,Road Truckload,DELIVERED,2026-07-10 14:00:44.489038,2026-07-17 14:00:44.489038,2026-07-18 14:00:44.489038,24,True
SHP-000486,ORD-000486,WH-AP-001,Switzerland,Switzerland,FedEx Express Air,Rail Express,IN_TRANSIT,2026-08-07 23:00:44.489038,2026-08-13 23:00:44.489038,,0,False
SHP-000487,ORD-000487,WH-US-001,Australia,Australia,DHL Supply Chain,Road Truckload,DELIVERED,2026-06-29 14:00:44.489038,2026-07-09 14:00:44.489038,2026-07-10 02:00:44.489038,12,True
SHP-000488,ORD-000488,WH-US-002,UK,UK,Maersk Ocean,Rail Express,DELIVERED,2026-07-28 18:00:44.489038,2026-08-03 18:00:44.489038,2026-08-05 18:00:44.489038,48,True
SHP-000489,ORD-000489,WH-EU-001,USA,USA,Maersk Ocean,Rail Express,DELIVERED,2026-07-05 10:00:44.489038,2026-07-12 10:00:44.489038,2026-07-12 10:00:44.489038,0,False
SHP-000490,ORD-000490,WH-AU-001,Australia,Australia,FedEx Express Air,Sea Freight,DELIVERED,2026-07-06 09:00:44.489038,2026-07-11 09:00:44.489038,2026-07-13 09:00:44.489038,48,True
SHP-000491,ORD-000491,WH-AP-002,USA,USA,Kuehne + Nagel,Air Freight,DELIVERED,2026-08-14 04:00:44.489038,2026-08-22 04:00:44.489038,2026-08-22 04:00:44.489038,0,False
SHP-000492,ORD-000492,WH-AP-003,Japan,Japan,Maersk Ocean,Air Freight,IN_TRANSIT,2026-07-04 20:00:44.489038,2026-07-07 20:00:44.489038,,0,False
SHP-000493,ORD-000493,WH-AP-002,USA,USA,Kuehne + Nagel,Rail Express,DELIVERED,2026-07-03 00:00:44.489038,2026-07-06 00:00:44.489038,2026-07-08 00:00:44.489038,48,True
SHP-000494,ORD-000494,WH-AP-003,Germany,Germany,FedEx Express Air,Road Truckload,DELIVERED,2026-07-13 12:00:44.489038,2026-07-17 12:00:44.489038,2026-07-18 00:00:44.489038,12,True
SHP-000495,ORD-000495,WH-AP-003,USA,USA,FedEx Express Air,Air Freight,CUSTOMS_HOLD,2026-07-23 18:00:44.489038,2026-07-30 18:00:44.489038,,0,False
SHP-000496,ORD-000496,WH-US-001,UK,UK,DHL Supply Chain,Air Freight,IN_TRANSIT,2026-07-08 19:00:44.489038,2026-07-16 19:00:44.489038,,0,False
SHP-000497,ORD-000497,WH-EU-001,USA,USA,DHL Supply Chain,Road Truckload,IN_TRANSIT,2026-08-13 07:00:44.489038,2026-08-21 07:00:44.489038,,0,False
SHP-000498,ORD-000498,WH-EU-002,Australia,Australia,Kuehne + Nagel,Road Truckload,DELIVERED,2026-07-20 22:00:44.489038,2026-07-23 22:00:44.489038,2026-07-23 22:00:44.489038,0,False
SHP-000499,ORD-000499,WH-EU-001,Japan,Japan,DB Schenker,Sea Freight,DELIVERED,2026-07-25 01:00:44.489038,2026-07-30 01:00:44.489038,2026-07-31 01:00:44.489038,24,True
SHP-000500,ORD-000500,WH-US-002,Taiwan,Taiwan,DHL Supply Chain,Rail Express,CUSTOMS_HOLD,2026-08-12 06:00:44.489038,2026-08-20 06:00:44.489038,,0,False
SHP-000501,ORD-000501,WH-EU-002,Switzerland,Switzerland,Maersk Ocean,Air Freight,DELIVERED,2026-08-01 01:00:44.489038,2026-08-05 01:00:44.489038,2026-08-05 01:00:44.489038,0,False
SHP-000502,ORD-000502,WH-AU-001,Japan,Japan,Kuehne + Nagel,Rail Express,DELIVERED,2026-07-12 22:00:44.489038,2026-07-18 22:00:44.489038,2026-07-18 22:00:44.489038,0,False
SHP-000503,ORD-000503,WH-AP-001,UK,UK,Kuehne + Nagel,Air Freight,DELAYED,2026-07-31 03:00:44.489038,2026-08-04 03:00:44.489038,,0,False
SHP-000504,ORD-000504,WH-AP-003,USA,USA,Maersk Ocean,Sea Freight,DELAYED,2026-08-09 16:00:44.489038,2026-08-16 16:00:44.489038,,0,False
SHP-000505,ORD-000505,WH-AU-001,Australia,Australia,Cosco Shipping,Road Truckload,DELIVERED,2026-07-17 10:00:44.489038,2026-07-26 10:00:44.489038,2026-07-26 10:00:44.489038,0,False
SHP-000506,ORD-000506,WH-ME-001,USA,USA,UPS Supply Chain,Air Freight,IN_TRANSIT,2026-07-26 16:00:44.489038,2026-07-29 16:00:44.489038,,0,False
SHP-000507,ORD-000507,WH-ME-001,USA,USA,Maersk Ocean,Sea Freight,DELIVERED,2026-07-30 11:00:44.489038,2026-08-08 11:00:44.489038,2026-08-10 11:00:44.489038,48,True
SHP-000508,ORD-000508,WH-US-001,USA,USA,UPS Supply Chain,Sea Freight,DELAYED,2026-08-01 01:00:44.489038,2026-08-10 01:00:44.489038,,0,False
SHP-000509,ORD-000509,WH-US-001,USA,USA,DB Schenker,Road Truckload,DELIVERED,2026-08-01 07:00:44.489038,2026-08-06 07:00:44.489038,2026-08-06 19:00:44.489038,12,True
SHP-000510,ORD-000510,WH-ME-001,UK,UK,UPS Supply Chain,Rail Express,DELIVERED,2026-08-08 13:00:44.489038,2026-08-12 13:00:44.489038,2026-08-14 13:00:44.489038,48,True
SHP-000511,ORD-000511,WH-ME-001,Germany,Germany,DB Schenker,Road Truckload,DELIVERED,2026-07-30 01:00:44.489038,2026-08-03 01:00:44.489038,2026-08-03 01:00:44.489038,0,False
SHP-000512,ORD-000512,WH-EU-001,Germany,Germany,Maersk Ocean,Road Truckload,DELIVERED,2026-08-07 00:00:44.489038,2026-08-10 00:00:44.489038,2026-08-10 00:00:44.489038,0,False
SHP-000513,ORD-000513,WH-AP-003,UK,UK,UPS Supply Chain,Road Truckload,IN_TRANSIT,2026-08-09 16:00:44.489038,2026-08-12 16:00:44.489038,,0,False
SHP-000514,ORD-000514,WH-SA-001,Germany,Germany,UPS Supply Chain,Air Freight,IN_TRANSIT,2026-07-01 02:00:44.489038,2026-07-08 02:00:44.489038,,0,False
SHP-000515,ORD-000515,WH-US-001,Germany,Germany,Cosco Shipping,Rail Express,DELIVERED,2026-07-17 17:00:44.489038,2026-07-24 17:00:44.489038,2026-07-24 17:00:44.489038,0,False
SHP-000516,ORD-000516,WH-AP-003,Australia,Australia,Cosco Shipping,Rail Express,DELIVERED,2026-07-28 12:00:44.489038,2026-08-07 12:00:44.489038,2026-08-08 12:00:44.489038,24,True
SHP-000517,ORD-000517,WH-AP-001,Switzerland,Switzerland,Cosco Shipping,Road Truckload,DELIVERED,2026-07-10 17:00:44.489038,2026-07-13 17:00:44.489038,2026-07-14 17:00:44.489038,24,True
SHP-000518,ORD-000518,WH-AP-001,USA,USA,Maersk Ocean,Rail Express,DELIVERED,2026-07-16 08:00:44.489038,2026-07-26 08:00:44.489038,2026-07-26 08:00:44.489038,0,False
SHP-000519,ORD-000519,WH-AP-002,USA,USA,UPS Supply Chain,Road Truckload,DELIVERED,2026-07-30 16:00:44.489038,2026-08-08 16:00:44.489038,2026-08-08 16:00:44.489038,0,False
SHP-000520,ORD-000520,WH-US-002,Switzerland,Switzerland,DB Schenker,Road Truckload,DELIVERED,2026-07-13 08:00:44.489038,2026-07-18 08:00:44.489038,2026-07-18 08:00:44.489038,0,False
SHP-000521,ORD-000521,WH-AP-003,Japan,Japan,DHL Supply Chain,Road Truckload,DELAYED,2026-07-02 12:00:44.489038,2026-07-09 12:00:44.489038,,0,False
SHP-000522,ORD-000522,WH-AU-001,Switzerland,Switzerland,UPS Supply Chain,Air Freight,IN_TRANSIT,2026-08-14 14:00:44.489038,2026-08-19 14:00:44.489038,,0,False
SHP-000523,ORD-000523,WH-AP-003,Germany,Germany,DHL Supply Chain,Rail Express,IN_TRANSIT,2026-08-06 09:00:44.489038,2026-08-12 09:00:44.489038,,0,False
SHP-000524,ORD-000524,WH-US-002,Australia,Australia,DB Schenker,Sea Freight,DELIVERED,2026-07-05 12:00:44.489038,2026-07-13 12:00:44.489038,2026-07-13 12:00:44.489038,0,False
SHP-000525,ORD-000525,WH-AU-001,Switzerland,Switzerland,DHL Supply Chain,Road Truckload,IN_TRANSIT,2026-07-06 13:00:44.489038,2026-07-09 13:00:44.489038,,0,False
SHP-000526,ORD-000526,WH-AP-003,USA,USA,UPS Supply Chain,Air Freight,DELIVERED,2026-07-04 07:00:44.489038,2026-07-07 07:00:44.489038,2026-07-07 07:00:44.489038,0,False
SHP-000527,ORD-000527,WH-US-002,Germany,Germany,Cosco Shipping,Air Freight,DELIVERED,2026-08-06 22:00:44.489038,2026-08-15 22:00:44.489038,2026-08-17 22:00:44.489038,48,True
SHP-000528,ORD-000528,WH-AP-002,Japan,Japan,FedEx Express Air,Sea Freight,IN_TRANSIT,2026-07-19 18:00:44.489038,2026-07-26 18:00:44.489038,,0,False
SHP-000529,ORD-000529,WH-EU-002,Taiwan,Taiwan,UPS Supply Chain,Road Truckload,IN_TRANSIT,2026-07-31 11:00:44.489038,2026-08-03 11:00:44.489038,,0,False
SHP-000530,ORD-000530,WH-AU-001,Germany,Germany,DHL Supply Chain,Road Truckload,IN_TRANSIT,2026-07-09 09:00:44.489038,2026-07-17 09:00:44.489038,,0,False
SHP-000531,ORD-000531,WH-US-002,Germany,Germany,DHL Supply Chain,Road Truckload,IN_TRANSIT,2026-07-24 05:00:44.489038,2026-08-02 05:00:44.489038,,0,False
SHP-000532,ORD-000532,WH-EU-002,Switzerland,Switzerland,FedEx Express Air,Sea Freight,IN_TRANSIT,2026-07-17 01:00:44.489038,2026-07-24 01:00:44.489038,,0,False
SHP-000533,ORD-000533,WH-US-002,Switzerland,Switzerland,FedEx Express Air,Sea Freight,DELIVERED,2026-07-06 11:00:44.489038,2026-07-13 11:00:44.489038,2026-07-13 11:00:44.489038,0,False
SHP-000534,ORD-000534,WH-EU-002,Germany,Germany,Maersk Ocean,Rail Express,DELIVERED,2026-07-12 17:00:44.489038,2026-07-21 17:00:44.489038,2026-07-22 17:00:44.489038,24,True
SHP-000535,ORD-000535,WH-US-001,Japan,Japan,DHL Supply Chain,Rail Express,IN_TRANSIT,2026-08-13 00:00:44.489038,2026-08-18 00:00:44.489038,,0,False
SHP-000536,ORD-000536,WH-AP-003,USA,USA,FedEx Express Air,Rail Express,DELIVERED,2026-07-23 21:00:44.489038,2026-07-28 21:00:44.489038,2026-07-29 09:00:44.489038,12,True
SHP-000537,ORD-000537,WH-US-002,Taiwan,Taiwan,Kuehne + Nagel,Road Truckload,DELIVERED,2026-06-30 05:00:44.489038,2026-07-08 05:00:44.489038,2026-07-08 05:00:44.489038,0,False
SHP-000538,ORD-000538,WH-SA-001,Australia,Australia,Cosco Shipping,Road Truckload,DELIVERED,2026-07-11 00:00:44.489038,2026-07-19 00:00:44.489038,2026-07-19 12:00:44.489038,12,True
SHP-000539,ORD-000539,WH-US-001,Switzerland,Switzerland,FedEx Express Air,Air Freight,IN_TRANSIT,2026-07-26 00:00:44.489038,2026-08-01 00:00:44.489038,,0,False
SHP-000540,ORD-000540,WH-AP-002,Japan,Japan,DHL Supply Chain,Road Truckload,DELAYED,2026-07-25 09:00:44.489038,2026-07-30 09:00:44.489038,,0,False
SHP-000541,ORD-000541,WH-AU-001,UK,UK,FedEx Express Air,Sea Freight,IN_TRANSIT,2026-07-02 13:00:44.489038,2026-07-11 13:00:44.489038,,0,False
SHP-000542,ORD-000542,WH-US-001,USA,USA,Kuehne + Nagel,Air Freight,DELAYED,2026-07-30 05:00:44.489038,2026-08-09 05:00:44.489038,,0,False
SHP-000543,ORD-000543,WH-US-001,USA,USA,Cosco Shipping,Sea Freight,DELIVERED,2026-07-17 16:00:44.489038,2026-07-21 16:00:44.489038,2026-07-22 16:00:44.489038,24,True
SHP-000544,ORD-000544,WH-AP-002,Germany,Germany,UPS Supply Chain,Air Freight,DELIVERED,2026-07-25 14:00:44.489038,2026-07-31 14:00:44.489038,2026-07-31 14:00:44.489038,0,False
SHP-000545,ORD-000545,WH-SA-001,Japan,Japan,DB Schenker,Sea Freight,DELIVERED,2026-07-25 08:00:44.489038,2026-08-04 08:00:44.489038,2026-08-04 08:00:44.489038,0,False
SHP-000546,ORD-000546,WH-AP-003,Taiwan,Taiwan,DHL Supply Chain,Air Freight,DELIVERED,2026-07-09 17:00:44.489038,2026-07-12 17:00:44.489038,2026-07-12 17:00:44.489038,0,False
SHP-000547,ORD-000547,WH-EU-001,USA,USA,FedEx Express Air,Rail Express,IN_TRANSIT,2026-07-27 11:00:44.489038,2026-08-05 11:00:44.489038,,0,False
SHP-000548,ORD-000548,WH-AP-003,USA,USA,DHL Supply Chain,Sea Freight,DELIVERED,2026-08-04 00:00:44.489038,2026-08-10 00:00:44.489038,2026-08-10 12:00:44.489038,12,True
SHP-000549,ORD-000549,WH-AU-001,Australia,Australia,UPS Supply Chain,Rail Express,IN_TRANSIT,2026-08-08 03:00:44.489038,2026-08-17 03:00:44.489038,,0,False
SHP-000550,ORD-000550,WH-US-002,Australia,Australia,DHL Supply Chain,Road Truckload,DELIVERED,2026-07-02 12:00:44.489038,2026-07-12 12:00:44.489038,2026-07-12 12:00:44.489038,0,False
SHP-000551,ORD-000551,WH-AP-001,Taiwan,Taiwan,Maersk Ocean,Air Freight,DELIVERED,2026-08-10 13:00:44.489038,2026-08-13 13:00:44.489038,2026-08-13 13:00:44.489038,0,False
SHP-000552,ORD-000552,WH-AP-003,USA,USA,DHL Supply Chain,Air Freight,DELAYED,2026-07-10 16:00:44.489038,2026-07-16 16:00:44.489038,,0,False
SHP-000553,ORD-000553,WH-AP-001,Switzerland,Switzerland,Cosco Shipping,Air Freight,DELIVERED,2026-07-16 18:00:44.489038,2026-07-20 18:00:44.489038,2026-07-20 18:00:44.489038,0,False
SHP-000554,ORD-000554,WH-AP-003,Australia,Australia,UPS Supply Chain,Sea Freight,DELIVERED,2026-08-05 19:00:44.489038,2026-08-11 19:00:44.489038,2026-08-11 19:00:44.489038,0,False
SHP-000555,ORD-000555,WH-AP-003,Germany,Germany,FedEx Express Air,Road Truckload,DELIVERED,2026-07-10 01:00:44.489038,2026-07-13 01:00:44.489038,2026-07-13 01:00:44.489038,0,False
SHP-000556,ORD-000556,WH-AP-003,USA,USA,FedEx Express Air,Road Truckload,DELIVERED,2026-08-10 16:00:44.489038,2026-08-16 16:00:44.489038,2026-08-17 16:00:44.489038,24,True
SHP-000557,ORD-000557,WH-SA-001,USA,USA,UPS Supply Chain,Road Truckload,IN_TRANSIT,2026-08-07 11:00:44.489038,2026-08-15 11:00:44.489038,,0,False
SHP-000558,ORD-000558,WH-ME-001,Japan,Japan,Cosco Shipping,Sea Freight,DELIVERED,2026-07-05 15:00:44.489038,2026-07-13 15:00:44.489038,2026-07-14 15:00:44.489038,24,True
SHP-000559,ORD-000559,WH-EU-002,Australia,Australia,Maersk Ocean,Sea Freight,DELAYED,2026-08-12 19:00:44.489038,2026-08-17 19:00:44.489038,,0,False
SHP-000560,ORD-000560,WH-AP-001,Australia,Australia,DHL Supply Chain,Rail Express,DELIVERED,2026-08-08 02:00:44.489038,2026-08-18 02:00:44.489038,2026-08-18 02:00:44.489038,0,False
SHP-000561,ORD-000561,WH-ME-001,Germany,Germany,DB Schenker,Sea Freight,DELIVERED,2026-08-08 16:00:44.489038,2026-08-11 16:00:44.489038,2026-08-11 16:00:44.489038,0,False
SHP-000562,ORD-000562,WH-EU-002,Australia,Australia,Maersk Ocean,Sea Freight,DELIVERED,2026-07-21 12:00:44.489038,2026-07-29 12:00:44.489038,2026-07-30 00:00:44.489038,12,True
SHP-000563,ORD-000563,WH-ME-001,Switzerland,Switzerland,FedEx Express Air,Air Freight,DELIVERED,2026-07-31 04:00:44.489038,2026-08-08 04:00:44.489038,2026-08-08 04:00:44.489038,0,False
SHP-000564,ORD-000564,WH-AP-001,USA,USA,Cosco Shipping,Sea Freight,DELIVERED,2026-07-24 00:00:44.489038,2026-07-29 00:00:44.489038,2026-07-29 00:00:44.489038,0,False
SHP-000565,ORD-000565,WH-EU-002,USA,USA,Maersk Ocean,Air Freight,IN_TRANSIT,2026-07-14 21:00:44.489038,2026-07-23 21:00:44.489038,,0,False
SHP-000566,ORD-000566,WH-EU-001,Japan,Japan,Cosco Shipping,Rail Express,IN_TRANSIT,2026-08-04 03:00:44.489038,2026-08-14 03:00:44.489038,,0,False
SHP-000567,ORD-000567,WH-EU-002,USA,USA,Kuehne + Nagel,Rail Express,DELIVERED,2026-07-21 09:00:44.489038,2026-07-29 09:00:44.489038,2026-07-30 09:00:44.489038,24,True
SHP-000568,ORD-000568,WH-EU-002,USA,USA,DHL Supply Chain,Air Freight,DELIVERED,2026-08-15 00:00:44.489038,2026-08-18 00:00:44.489038,2026-08-18 00:00:44.489038,0,False
SHP-000569,ORD-000569,WH-AP-002,Germany,Germany,Cosco Shipping,Road Truckload,DELIVERED,2026-08-11 19:00:44.489038,2026-08-17 19:00:44.489038,2026-08-18 19:00:44.489038,24,True
SHP-000570,ORD-000570,WH-ME-001,Japan,Japan,FedEx Express Air,Rail Express,DELIVERED,2026-07-11 08:00:44.489038,2026-07-15 08:00:44.489038,2026-07-15 08:00:44.489038,0,False
SHP-000571,ORD-000571,WH-EU-001,Germany,Germany,DB Schenker,Rail Express,DELIVERED,2026-08-04 19:00:44.489038,2026-08-07 19:00:44.489038,2026-08-08 07:00:44.489038,12,True
SHP-000572,ORD-000572,WH-EU-001,Switzerland,Switzerland,Kuehne + Nagel,Air Freight,DELIVERED,2026-07-25 08:00:44.489038,2026-08-03 08:00:44.489038,2026-08-03 08:00:44.489038,0,False
SHP-000573,ORD-000573,WH-EU-002,UK,UK,Maersk Ocean,Road Truckload,IN_TRANSIT,2026-07-28 19:00:44.489038,2026-08-07 19:00:44.489038,,0,False
SHP-000574,ORD-000574,WH-AU-001,Japan,Japan,Cosco Shipping,Sea Freight,DELIVERED,2026-08-10 02:00:44.489038,2026-08-18 02:00:44.489038,2026-08-19 02:00:44.489038,24,True
SHP-000575,ORD-000575,WH-AP-003,Japan,Japan,DHL Supply Chain,Road Truckload,DELAYED,2026-08-08 20:00:44.489038,2026-08-16 20:00:44.489038,,0,False
SHP-000576,ORD-000576,WH-SA-001,Japan,Japan,Kuehne + Nagel,Air Freight,DELAYED,2026-07-28 13:00:44.489038,2026-08-01 13:00:44.489038,,0,False
SHP-000577,ORD-000577,WH-AP-003,Taiwan,Taiwan,Maersk Ocean,Rail Express,DELIVERED,2026-07-28 05:00:44.489038,2026-08-02 05:00:44.489038,2026-08-02 17:00:44.489038,12,True
SHP-000578,ORD-000578,WH-ME-001,USA,USA,DHL Supply Chain,Air Freight,DELIVERED,2026-07-04 13:00:44.489038,2026-07-11 13:00:44.489038,2026-07-12 13:00:44.489038,24,True
SHP-000579,ORD-000579,WH-US-002,Taiwan,Taiwan,Kuehne + Nagel,Rail Express,DELIVERED,2026-07-08 13:00:44.489038,2026-07-12 13:00:44.489038,2026-07-13 13:00:44.489038,24,True
SHP-000580,ORD-000580,WH-SA-001,Japan,Japan,Maersk Ocean,Air Freight,DELAYED,2026-08-03 16:00:44.489038,2026-08-07 16:00:44.489038,,0,False
SHP-000581,ORD-000581,WH-AP-001,USA,USA,Maersk Ocean,Sea Freight,DELIVERED,2026-08-11 01:00:44.489038,2026-08-21 01:00:44.489038,2026-08-21 01:00:44.489038,0,False
SHP-000582,ORD-000582,WH-EU-002,Germany,Germany,FedEx Express Air,Road Truckload,IN_TRANSIT,2026-08-10 03:00:44.489038,2026-08-18 03:00:44.489038,,0,False
SHP-000583,ORD-000583,WH-US-001,Japan,Japan,DHL Supply Chain,Air Freight,DELIVERED,2026-08-10 03:00:44.489038,2026-08-15 03:00:44.489038,2026-08-15 03:00:44.489038,0,False
SHP-000584,ORD-000584,WH-EU-001,Taiwan,Taiwan,DB Schenker,Road Truckload,IN_TRANSIT,2026-07-26 10:00:44.489038,2026-07-29 10:00:44.489038,,0,False
SHP-000585,ORD-000585,WH-EU-001,Taiwan,Taiwan,FedEx Express Air,Rail Express,DELIVERED,2026-07-20 03:00:44.489038,2026-07-23 03:00:44.489038,2026-07-23 03:00:44.489038,0,False
SHP-000586,ORD-000586,WH-AP-002,USA,USA,Maersk Ocean,Sea Freight,IN_TRANSIT,2026-07-09 02:00:44.489038,2026-07-17 02:00:44.489038,,0,False
SHP-000587,ORD-000587,WH-AP-001,UK,UK,Kuehne + Nagel,Rail Express,DELIVERED,2026-08-06 04:00:44.489038,2026-08-12 04:00:44.489038,2026-08-14 04:00:44.489038,48,True
SHP-000588,ORD-000588,WH-AU-001,Japan,Japan,Cosco Shipping,Road Truckload,IN_TRANSIT,2026-08-01 21:00:44.489038,2026-08-05 21:00:44.489038,,0,False
SHP-000589,ORD-000589,WH-AP-003,Germany,Germany,UPS Supply Chain,Rail Express,DELAYED,2026-08-08 15:00:44.489038,2026-08-16 15:00:44.489038,,0,False
SHP-000590,ORD-000590,WH-ME-001,Japan,Japan,DHL Supply Chain,Air Freight,DELAYED,2026-07-04 08:00:44.489038,2026-07-12 08:00:44.489038,,0,False
SHP-000591,ORD-000591,WH-US-002,UK,UK,Kuehne + Nagel,Rail Express,DELAYED,2026-07-02 02:00:44.489038,2026-07-12 02:00:44.489038,,0,False
SHP-000592,ORD-000592,WH-AP-003,USA,USA,UPS Supply Chain,Air Freight,IN_TRANSIT,2026-08-13 07:00:44.489038,2026-08-23 07:00:44.489038,,0,False
SHP-000593,ORD-000593,WH-US-001,Australia,Australia,FedEx Express Air,Road Truckload,IN_TRANSIT,2026-07-15 12:00:44.489038,2026-07-23 12:00:44.489038,,0,False
SHP-000594,ORD-000594,WH-US-001,Germany,Germany,DHL Supply Chain,Air Freight,DELIVERED,2026-07-16 05:00:44.489038,2026-07-24 05:00:44.489038,2026-07-24 17:00:44.489038,12,True
SHP-000595,ORD-000595,WH-EU-002,USA,USA,DB Schenker,Sea Freight,IN_TRANSIT,2026-08-09 07:00:44.489038,2026-08-17 07:00:44.489038,,0,False
SHP-000596,ORD-000596,WH-SA-001,Australia,Australia,Maersk Ocean,Rail Express,DELIVERED,2026-08-11 23:00:44.489038,2026-08-14 23:00:44.489038,2026-08-14 23:00:44.489038,0,False
SHP-000597,ORD-000597,WH-EU-001,USA,USA,UPS Supply Chain,Air Freight,IN_TRANSIT,2026-07-18 23:00:44.489038,2026-07-22 23:00:44.489038,,0,False
SHP-000598,ORD-000598,WH-EU-001,USA,USA,DHL Supply Chain,Rail Express,IN_TRANSIT,2026-07-16 03:00:44.489038,2026-07-26 03:00:44.489038,,0,False
SHP-000599,ORD-000599,WH-AP-003,Germany,Germany,FedEx Express Air,Sea Freight,DELIVERED,2026-07-15 16:00:44.489038,2026-07-22 16:00:44.489038,2026-07-22 16:00:44.489038,0,False
SHP-000600,ORD-000600,WH-US-001,USA,USA,Cosco Shipping,Air Freight,DELAYED,2026-07-10 09:00:44.489038,2026-07-13 09:00:44.489038,,0,False
