order_id,customer_id,product_id,supplier_id,quantity,unit_price_usd,total_amount_usd,original_currency,order_date,required_date,status
ORD-000001,CUST-005,PROD-004,SUP-009,10,4800.0,48000.0,USD,2026-07-23 10:00:44.489038,2026-07-28 10:00:44.489038,DELIVERED
ORD-000002,CUST-005,PROD-002,SUP-005,115,350.0,40250.0,USD,2026-06-30 00:00:44.489038,2026-07-15 00:00:44.489038,DELAYED
ORD-000003,CUST-006,PROD-009,SUP-006,114,3400.0,387600.0,USD,2026-08-09 05:00:44.489038,2026-08-15 05:00:44.489038,DELAYED
ORD-000004,CUST-005,PROD-001,SUP-010,54,1250.0,67500.0,USD,2026-08-09 21:00:44.489038,2026-08-15 21:00:44.489038,DELIVERED
ORD-000005,CUST-003,PROD-009,SUP-006,153,3400.0,520200.0,USD,2026-08-10 02:00:44.489038,2026-08-19 02:00:44.489038,DELIVERED
ORD-000006,CUST-001,PROD-005,SUP-013,123,2100.0,258300.0,USD,2026-07-11 21:00:44.489038,2026-07-26 21:00:44.489038,DELIVERED
ORD-000007,CUST-008,PROD-005,SUP-013,140,2100.0,294000.0,USD,2026-06-28 14:00:44.489038,2026-07-07 14:00:44.489038,DELIVERED
ORD-000008,CUST-006,PROD-004,SUP-009,93,4800.0,446400.0,USD,2026-07-11 01:00:44.489038,2026-07-18 01:00:44.489038,DELIVERED
ORD-000009,CUST-003,PROD-005,SUP-013,157,2100.0,329700.0,USD,2026-07-03 16:00:44.489038,2026-07-18 16:00:44.489038,DELAYED
ORD-000010,CUST-001,PROD-007,SUP-015,24,3200.0,76800.0,USD,2026-07-18 15:00:44.489038,2026-08-02 15:00:44.489038,DELIVERED
ORD-000011,CUST-009,PROD-005,SUP-013,36,2100.0,75600.0,USD,2026-07-24 20:00:44.489038,2026-08-03 20:00:44.489038,DELIVERED
ORD-000012,CUST-008,PROD-005,SUP-013,138,2100.0,289800.0,USD,2026-07-03 16:00:44.489038,2026-07-11 16:00:44.489038,IN_TRANSIT
ORD-000013,CUST-001,PROD-007,SUP-015,9,3200.0,28800.0,USD,2026-07-13 21:00:44.489038,2026-07-22 21:00:44.489038,DELIVERED
ORD-000014,CUST-004,PROD-002,SUP-005,148,350.0,51800.0,USD,2026-07-30 05:00:44.489038,2026-08-14 05:00:44.489038,IN_TRANSIT
ORD-000015,CUST-009,PROD-004,SUP-009,59,4800.0,283200.0,USD,2026-08-07 13:00:44.489038,2026-08-20 13:00:44.489038,CUSTOMS_HOLD
ORD-000016,CUST-003,PROD-001,SUP-010,128,1250.0,160000.0,USD,2026-07-29 19:00:44.489038,2026-08-13 19:00:44.489038,DELIVERED
ORD-000017,CUST-010,PROD-001,SUP-010,32,1250.0,40000.0,USD,2026-07-01 20:00:44.489038,2026-07-15 20:00:44.489038,DELIVERED
ORD-000018,CUST-004,PROD-005,SUP-013,18,2100.0,37800.0,USD,2026-07-14 00:00:44.489038,2026-07-28 00:00:44.489038,DELIVERED
ORD-000019,CUST-001,PROD-001,SUP-010,143,1250.0,178750.0,USD,2026-07-05 06:00:44.489038,2026-07-14 06:00:44.489038,CUSTOMS_HOLD
ORD-000020,CUST-003,PROD-001,SUP-010,25,1250.0,31250.0,USD,2026-07-06 05:00:44.489038,2026-07-15 05:00:44.489038,DELIVERED
ORD-000021,CUST-009,PROD-007,SUP-015,130,3200.0,416000.0,USD,2026-07-31 03:00:44.489038,2026-08-12 03:00:44.489038,CUSTOMS_HOLD
ORD-000022,CUST-009,PROD-010,SUP-001,41,120.0,4920.0,USD,2026-07-04 20:00:44.489038,2026-07-11 20:00:44.489038,IN_TRANSIT
ORD-000023,CUST-005,PROD-003,SUP-007,177,45.0,7965.0,USD,2026-07-27 08:00:44.489038,2026-08-01 08:00:44.489038,DELIVERED
ORD-000024,CUST-004,PROD-009,SUP-006,161,3400.0,547400.0,USD,2026-07-06 23:00:44.489038,2026-07-20 23:00:44.489038,IN_TRANSIT
ORD-000025,CUST-006,PROD-008,SUP-003,123,890.0,109470.0,USD,2026-07-11 06:00:44.489038,2026-07-23 06:00:44.489038,DELIVERED
ORD-000026,CUST-007,PROD-010,SUP-001,172,120.0,20640.0,USD,2026-07-24 13:00:44.489038,2026-08-02 13:00:44.489038,DELIVERED
ORD-000027,CUST-007,PROD-009,SUP-006,179,3400.0,608600.0,USD,2026-07-01 01:00:44.489038,2026-07-10 01:00:44.489038,DELAYED
ORD-000028,CUST-009,PROD-005,SUP-013,174,2100.0,365400.0,USD,2026-07-16 16:00:44.489038,2026-07-21 16:00:44.489038,IN_TRANSIT
ORD-000029,CUST-009,PROD-010,SUP-001,70,120.0,8400.0,USD,2026-07-18 19:00:44.489038,2026-07-31 19:00:44.489038,CUSTOMS_HOLD
ORD-000030,CUST-005,PROD-005,SUP-013,64,2100.0,134400.0,USD,2026-07-19 00:00:44.489038,2026-08-01 00:00:44.489038,IN_TRANSIT
ORD-000031,CUST-008,PROD-008,SUP-003,190,890.0,169100.0,USD,2026-07-10 16:00:44.489038,2026-07-21 16:00:44.489038,DELAYED
ORD-000032,CUST-003,PROD-006,SUP-015,164,1800.0,295200.0,USD,2026-07-19 18:00:44.489038,2026-08-02 18:00:44.489038,DELIVERED
ORD-000033,CUST-003,PROD-001,SUP-010,182,1250.0,227500.0,USD,2026-07-18 08:00:44.489038,2026-07-30 08:00:44.489038,DELIVERED
ORD-000034,CUST-009,PROD-003,SUP-007,11,45.0,495.0,USD,2026-07-20 23:00:44.489038,2026-07-28 23:00:44.489038,DELIVERED
ORD-000035,CUST-006,PROD-007,SUP-015,191,3200.0,611200.0,USD,2026-06-30 07:00:44.489038,2026-07-11 07:00:44.489038,IN_TRANSIT
ORD-000036,CUST-009,PROD-009,SUP-006,166,3400.0,564400.0,USD,2026-08-08 18:00:44.489038,2026-08-18 18:00:44.489038,IN_TRANSIT
ORD-000037,CUST-010,PROD-002,SUP-005,77,350.0,26950.0,USD,2026-08-04 10:00:44.489038,2026-08-15 10:00:44.489038,DELIVERED
ORD-000038,CUST-003,PROD-001,SUP-010,182,1250.0,227500.0,USD,2026-07-24 17:00:44.489038,2026-07-30 17:00:44.489038,DELIVERED
ORD-000039,CUST-004,PROD-007,SUP-015,166,3200.0,531200.0,USD,2026-06-29 23:00:44.489038,2026-07-13 23:00:44.489038,IN_TRANSIT
ORD-000040,CUST-006,PROD-006,SUP-015,161,1800.0,289800.0,USD,2026-08-01 02:00:44.489038,2026-08-13 02:00:44.489038,IN_TRANSIT
ORD-000041,CUST-009,PROD-009,SUP-006,89,3400.0,302600.0,USD,2026-07-01 06:00:44.489038,2026-07-06 06:00:44.489038,DELIVERED
ORD-000042,CUST-001,PROD-007,SUP-015,7,3200.0,22400.0,USD,2026-07-25 00:00:44.489038,2026-08-03 00:00:44.489038,CUSTOMS_HOLD
ORD-000043,CUST-009,PROD-006,SUP-015,8,1800.0,14400.0,USD,2026-07-27 05:00:44.489038,2026-08-01 05:00:44.489038,DELAYED
ORD-000044,CUST-006,PROD-005,SUP-013,151,2100.0,317100.0,USD,2026-08-04 19:00:44.489038,2026-08-09 19:00:44.489038,IN_TRANSIT
ORD-000045,CUST-003,PROD-005,SUP-013,73,2100.0,153300.0,USD,2026-08-10 12:00:44.489038,2026-08-20 12:00:44.489038,IN_TRANSIT
ORD-000046,CUST-008,PROD-010,SUP-001,126,120.0,15120.0,USD,2026-07-17 17:00:44.489038,2026-07-29 17:00:44.489038,DELIVERED
ORD-000047,CUST-007,PROD-008,SUP-003,10,890.0,8900.0,USD,2026-08-06 23:00:44.489038,2026-08-21 23:00:44.489038,IN_TRANSIT
ORD-000048,CUST-004,PROD-009,SUP-006,46,3400.0,156400.0,USD,2026-07-25 14:00:44.489038,2026-08-04 14:00:44.489038,IN_TRANSIT
ORD-000049,CUST-008,PROD-007,SUP-015,55,3200.0,176000.0,USD,2026-07-03 21:00:44.489038,2026-07-15 21:00:44.489038,IN_TRANSIT
ORD-000050,CUST-003,PROD-004,SUP-009,43,4800.0,206400.0,USD,2026-07-24 20:00:44.489038,2026-07-29 20:00:44.489038,DELIVERED
ORD-000051,CUST-005,PROD-010,SUP-001,199,120.0,23880.0,USD,2026-07-04 01:00:44.489038,2026-07-09 01:00:44.489038,DELIVERED
ORD-000052,CUST-003,PROD-006,SUP-015,100,1800.0,180000.0,USD,2026-07-25 05:00:44.489038,2026-07-31 05:00:44.489038,DELIVERED
ORD-000053,CUST-004,PROD-005,SUP-013,50,2100.0,105000.0,USD,2026-06-29 12:00:44.489038,2026-07-05 12:00:44.489038,CUSTOMS_HOLD
ORD-000054,CUST-002,PROD-008,SUP-003,10,890.0,8900.0,USD,2026-08-05 04:00:44.489038,2026-08-13 04:00:44.489038,IN_TRANSIT
ORD-000055,CUST-006,PROD-010,SUP-001,40,120.0,4800.0,USD,2026-08-02 20:00:44.489038,2026-08-09 20:00:44.489038,IN_TRANSIT
ORD-000056,CUST-007,PROD-006,SUP-015,95,1800.0,171000.0,USD,2026-07-02 16:00:44.489038,2026-07-12 16:00:44.489038,DELIVERED
ORD-000057,CUST-010,PROD-010,SUP-001,70,120.0,8400.0,USD,2026-07-19 03:00:44.489038,2026-07-31 03:00:44.489038,IN_TRANSIT
ORD-000058,CUST-009,PROD-008,SUP-003,95,890.0,84550.0,USD,2026-07-24 08:00:44.489038,2026-08-01 08:00:44.489038,CUSTOMS_HOLD
ORD-000059,CUST-005,PROD-004,SUP-009,120,4800.0,576000.0,USD,2026-07-30 11:00:44.489038,2026-08-08 11:00:44.489038,DELIVERED
ORD-000060,CUST-008,PROD-010,SUP-001,172,120.0,20640.0,USD,2026-08-06 16:00:44.489038,2026-08-21 16:00:44.489038,DELIVERED
ORD-000061,CUST-007,PROD-004,SUP-009,122,4800.0,585600.0,USD,2026-08-12 02:00:44.489038,2026-08-25 02:00:44.489038,DELIVERED
ORD-000062,CUST-007,PROD-010,SUP-001,105,120.0,12600.0,USD,2026-07-27 13:00:44.489038,2026-08-09 13:00:44.489038,IN_TRANSIT
ORD-000063,CUST-002,PROD-006,SUP-015,19,1800.0,34200.0,USD,2026-07-24 16:00:44.489038,2026-08-02 16:00:44.489038,IN_TRANSIT
ORD-000064,CUST-001,PROD-006,SUP-015,145,1800.0,261000.0,USD,2026-07-16 10:00:44.489038,2026-07-23 10:00:44.489038,DELAYED
ORD-000065,CUST-001,PROD-010,SUP-001,173,120.0,20760.0,USD,2026-07-07 08:00:44.489038,2026-07-20 08:00:44.489038,DELIVERED
ORD-000066,CUST-004,PROD-006,SUP-015,192,1800.0,345600.0,USD,2026-08-09 21:00:44.489038,2026-08-23 21:00:44.489038,DELIVERED
ORD-000067,CUST-008,PROD-006,SUP-015,35,1800.0,63000.0,USD,2026-08-08 05:00:44.489038,2026-08-23 05:00:44.489038,DELIVERED
ORD-000068,CUST-002,PROD-003,SUP-007,153,45.0,6885.0,USD,2026-08-06 08:00:44.489038,2026-08-11 08:00:44.489038,DELIVERED
ORD-000069,CUST-006,PROD-008,SUP-003,119,890.0,105910.0,USD,2026-07-30 23:00:44.489038,2026-08-11 23:00:44.489038,DELIVERED
ORD-000070,CUST-007,PROD-001,SUP-010,163,1250.0,203750.0,USD,2026-08-10 15:00:44.489038,2026-08-18 15:00:44.489038,IN_TRANSIT
ORD-000071,CUST-002,PROD-007,SUP-015,6,3200.0,19200.0,USD,2026-07-04 01:00:44.489038,2026-07-16 01:00:44.489038,DELIVERED
ORD-000072,CUST-002,PROD-007,SUP-015,25,3200.0,80000.0,USD,2026-07-25 12:00:44.489038,2026-08-06 12:00:44.489038,IN_TRANSIT
ORD-000073,CUST-006,PROD-009,SUP-006,83,3400.0,282200.0,USD,2026-07-17 15:00:44.489038,2026-07-23 15:00:44.489038,IN_TRANSIT
ORD-000074,CUST-005,PROD-010,SUP-001,80,120.0,9600.0,USD,2026-08-06 22:00:44.489038,2026-08-18 22:00:44.489038,DELIVERED
ORD-000075,CUST-004,PROD-007,SUP-015,187,3200.0,598400.0,USD,2026-08-10 01:00:44.489038,2026-08-21 01:00:44.489038,DELIVERED
ORD-000076,CUST-010,PROD-005,SUP-013,22,2100.0,46200.0,USD,2026-07-18 05:00:44.489038,2026-07-29 05:00:44.489038,DELIVERED
ORD-000077,CUST-007,PROD-001,SUP-010,123,1250.0,153750.0,USD,2026-08-03 17:00:44.489038,2026-08-10 17:00:44.489038,IN_TRANSIT
ORD-000078,CUST-006,PROD-004,SUP-009,169,4800.0,811200.0,USD,2026-07-20 03:00:44.489038,2026-07-30 03:00:44.489038,DELIVERED
ORD-000079,CUST-010,PROD-004,SUP-009,17,4800.0,81600.0,USD,2026-07-24 21:00:44.489038,2026-08-08 21:00:44.489038,DELAYED
ORD-000080,CUST-001,PROD-009,SUP-006,50,3400.0,170000.0,USD,2026-07-22 10:00:44.489038,2026-08-01 10:00:44.489038,DELIVERED
ORD-000081,CUST-002,PROD-008,SUP-003,80,890.0,71200.0,USD,2026-07-15 02:00:44.489038,2026-07-27 02:00:44.489038,DELAYED
ORD-000082,CUST-002,PROD-009,SUP-006,95,3400.0,323000.0,USD,2026-06-29 19:00:44.489038,2026-07-10 19:00:44.489038,CUSTOMS_HOLD
ORD-000083,CUST-008,PROD-003,SUP-007,112,45.0,5040.0,USD,2026-07-03 05:00:44.489038,2026-07-17 05:00:44.489038,IN_TRANSIT
ORD-000084,CUST-006,PROD-007,SUP-015,184,3200.0,588800.0,USD,2026-08-05 21:00:44.489038,2026-08-18 21:00:44.489038,DELIVERED
ORD-000085,CUST-001,PROD-004,SUP-009,115,4800.0,552000.0,USD,2026-08-11 18:00:44.489038,2026-08-23 18:00:44.489038,DELIVERED
ORD-000086,CUST-005,PROD-010,SUP-001,170,120.0,20400.0,USD,2026-07-21 11:00:44.489038,2026-08-01 11:00:44.489038,DELIVERED
ORD-000087,CUST-006,PROD-008,SUP-003,100,890.0,89000.0,USD,2026-07-27 00:00:44.489038,2026-08-03 00:00:44.489038,DELIVERED
ORD-000088,CUST-005,PROD-008,SUP-003,144,890.0,128160.0,USD,2026-07-02 22:00:44.489038,2026-07-16 22:00:44.489038,DELIVERED
ORD-000089,CUST-005,PROD-002,SUP-005,33,350.0,11550.0,USD,2026-08-06 02:00:44.489038,2026-08-17 02:00:44.489038,DELIVERED
ORD-000090,CUST-010,PROD-001,SUP-010,198,1250.0,247500.0,USD,2026-07-12 16:00:44.489038,2026-07-17 16:00:44.489038,DELIVERED
ORD-000091,CUST-007,PROD-003,SUP-007,177,45.0,7965.0,USD,2026-07-06 20:00:44.489038,2026-07-14 20:00:44.489038,DELIVERED
ORD-000092,CUST-005,PROD-002,SUP-005,51,350.0,17850.0,USD,2026-07-08 07:00:44.489038,2026-07-21 07:00:44.489038,DELAYED
ORD-000093,CUST-009,PROD-004,SUP-009,47,4800.0,225600.0,USD,2026-08-09 20:00:44.489038,2026-08-17 20:00:44.489038,IN_TRANSIT
ORD-000094,CUST-002,PROD-007,SUP-015,140,3200.0,448000.0,USD,2026-07-11 01:00:44.489038,2026-07-26 01:00:44.489038,CUSTOMS_HOLD
ORD-000095,CUST-002,PROD-010,SUP-001,127,120.0,15240.0,USD,2026-07-01 19:00:44.489038,2026-07-15 19:00:44.489038,DELAYED
ORD-000096,CUST-009,PROD-010,SUP-001,196,120.0,23520.0,USD,2026-07-08 13:00:44.489038,2026-07-20 13:00:44.489038,IN_TRANSIT
ORD-000097,CUST-004,PROD-002,SUP-005,103,350.0,36050.0,USD,2026-08-09 12:00:44.489038,2026-08-20 12:00:44.489038,IN_TRANSIT
ORD-000098,CUST-003,PROD-005,SUP-013,126,2100.0,264600.0,USD,2026-07-17 02:00:44.489038,2026-07-26 02:00:44.489038,IN_TRANSIT
ORD-000099,CUST-001,PROD-004,SUP-009,33,4800.0,158400.0,USD,2026-07-10 08:00:44.489038,2026-07-19 08:00:44.489038,DELIVERED
ORD-000100,CUST-008,PROD-009,SUP-006,140,3400.0,476000.0,USD,2026-07-13 06:00:44.489038,2026-07-21 06:00:44.489038,DELIVERED
ORD-000101,CUST-010,PROD-006,SUP-015,188,1800.0,338400.0,USD,2026-06-29 15:00:44.489038,2026-07-13 15:00:44.489038,DELIVERED
ORD-000102,CUST-007,PROD-005,SUP-013,157,2100.0,329700.0,USD,2026-07-07 22:00:44.489038,2026-07-20 22:00:44.489038,IN_TRANSIT
ORD-000103,CUST-002,PROD-004,SUP-009,98,4800.0,470400.0,USD,2026-07-09 03:00:44.489038,2026-07-19 03:00:44.489038,DELIVERED
ORD-000104,CUST-006,PROD-008,SUP-003,194,890.0,172660.0,USD,2026-07-07 19:00:44.489038,2026-07-14 19:00:44.489038,DELIVERED
ORD-000105,CUST-010,PROD-005,SUP-013,166,2100.0,348600.0,USD,2026-07-23 16:00:44.489038,2026-07-29 16:00:44.489038,IN_TRANSIT
ORD-000106,CUST-008,PROD-009,SUP-006,93,3400.0,316200.0,USD,2026-07-09 12:00:44.489038,2026-07-22 12:00:44.489038,DELIVERED
ORD-000107,CUST-007,PROD-006,SUP-015,70,1800.0,126000.0,USD,2026-07-16 19:00:44.489038,2026-07-26 19:00:44.489038,DELIVERED
ORD-000108,CUST-002,PROD-010,SUP-001,88,120.0,10560.0,USD,2026-07-17 15:00:44.489038,2026-07-25 15:00:44.489038,DELAYED
ORD-000109,CUST-007,PROD-004,SUP-009,139,4800.0,667200.0,USD,2026-07-30 01:00:44.489038,2026-08-04 01:00:44.489038,DELIVERED
ORD-000110,CUST-005,PROD-002,SUP-005,198,350.0,69300.0,USD,2026-07-18 19:00:44.489038,2026-08-01 19:00:44.489038,DELIVERED
ORD-000111,CUST-001,PROD-003,SUP-007,150,45.0,6750.0,USD,2026-08-08 06:00:44.489038,2026-08-18 06:00:44.489038,DELIVERED
ORD-000112,CUST-001,PROD-006,SUP-015,107,1800.0,192600.0,USD,2026-08-07 03:00:44.489038,2026-08-21 03:00:44.489038,DELIVERED
ORD-000113,CUST-005,PROD-002,SUP-005,124,350.0,43400.0,USD,2026-08-06 00:00:44.489038,2026-08-11 00:00:44.489038,IN_TRANSIT
ORD-000114,CUST-010,PROD-003,SUP-007,168,45.0,7560.0,USD,2026-07-18 14:00:44.489038,2026-07-23 14:00:44.489038,IN_TRANSIT
ORD-000115,CUST-009,PROD-003,SUP-007,184,45.0,8280.0,USD,2026-06-29 10:00:44.489038,2026-07-10 10:00:44.489038,IN_TRANSIT
ORD-000116,CUST-003,PROD-001,SUP-010,150,1250.0,187500.0,USD,2026-08-05 15:00:44.489038,2026-08-13 15:00:44.489038,IN_TRANSIT
ORD-000117,CUST-008,PROD-008,SUP-003,143,890.0,127270.0,USD,2026-07-09 04:00:44.489038,2026-07-24 04:00:44.489038,DELIVERED
ORD-000118,CUST-007,PROD-007,SUP-015,109,3200.0,348800.0,USD,2026-07-07 17:00:44.489038,2026-07-12 17:00:44.489038,DELIVERED
ORD-000119,CUST-001,PROD-006,SUP-015,175,1800.0,315000.0,USD,2026-08-03 09:00:44.489038,2026-08-11 09:00:44.489038,DELIVERED
ORD-000120,CUST-005,PROD-004,SUP-009,6,4800.0,28800.0,USD,2026-07-13 06:00:44.489038,2026-07-27 06:00:44.489038,DELIVERED
ORD-000121,CUST-001,PROD-004,SUP-009,95,4800.0,456000.0,USD,2026-07-17 11:00:44.489038,2026-07-26 11:00:44.489038,DELIVERED
ORD-000122,CUST-003,PROD-005,SUP-013,68,2100.0,142800.0,USD,2026-08-03 12:00:44.489038,2026-08-09 12:00:44.489038,DELIVERED
ORD-000123,CUST-005,PROD-010,SUP-001,7,120.0,840.0,USD,2026-08-10 01:00:44.489038,2026-08-25 01:00:44.489038,DELIVERED
ORD-000124,CUST-001,PROD-003,SUP-007,175,45.0,7875.0,USD,2026-07-07 01:00:44.489038,2026-07-14 01:00:44.489038,DELIVERED
ORD-000125,CUST-002,PROD-001,SUP-010,71,1250.0,88750.0,USD,2026-07-18 11:00:44.489038,2026-08-02 11:00:44.489038,DELIVERED
ORD-000126,CUST-002,PROD-009,SUP-006,126,3400.0,428400.0,USD,2026-07-30 07:00:44.489038,2026-08-13 07:00:44.489038,DELIVERED
ORD-000127,CUST-004,PROD-007,SUP-015,65,3200.0,208000.0,USD,2026-07-13 20:00:44.489038,2026-07-25 20:00:44.489038,CUSTOMS_HOLD
ORD-000128,CUST-010,PROD-005,SUP-013,81,2100.0,170100.0,USD,2026-07-07 07:00:44.489038,2026-07-17 07:00:44.489038,IN_TRANSIT
ORD-000129,CUST-004,PROD-003,SUP-007,36,45.0,1620.0,USD,2026-08-07 02:00:44.489038,2026-08-18 02:00:44.489038,IN_TRANSIT
ORD-000130,CUST-008,PROD-002,SUP-005,114,350.0,39900.0,USD,2026-07-27 20:00:44.489038,2026-08-05 20:00:44.489038,DELIVERED
ORD-000131,CUST-005,PROD-008,SUP-003,129,890.0,114810.0,USD,2026-07-15 22:00:44.489038,2026-07-21 22:00:44.489038,IN_TRANSIT
ORD-000132,CUST-007,PROD-010,SUP-001,79,120.0,9480.0,USD,2026-07-17 14:00:44.489038,2026-07-22 14:00:44.489038,DELIVERED
ORD-000133,CUST-007,PROD-003,SUP-007,71,45.0,3195.0,USD,2026-07-03 13:00:44.489038,2026-07-16 13:00:44.489038,DELIVERED
ORD-000134,CUST-007,PROD-001,SUP-010,60,1250.0,75000.0,USD,2026-07-11 13:00:44.489038,2026-07-16 13:00:44.489038,DELIVERED
ORD-000135,CUST-003,PROD-006,SUP-015,41,1800.0,73800.0,USD,2026-07-05 22:00:44.489038,2026-07-15 22:00:44.489038,IN_TRANSIT
ORD-000136,CUST-008,PROD-002,SUP-005,53,350.0,18550.0,USD,2026-07-28 10:00:44.489038,2026-08-11 10:00:44.489038,DELIVERED
ORD-000137,CUST-006,PROD-007,SUP-015,38,3200.0,121600.0,USD,2026-07-22 21:00:44.489038,2026-08-02 21:00:44.489038,IN_TRANSIT
ORD-000138,CUST-005,PROD-007,SUP-015,86,3200.0,275200.0,USD,2026-07-22 08:00:44.489038,2026-08-04 08:00:44.489038,DELIVERED
ORD-000139,CUST-006,PROD-002,SUP-005,190,350.0,66500.0,USD,2026-08-08 10:00:44.489038,2026-08-23 10:00:44.489038,DELIVERED
ORD-000140,CUST-002,PROD-001,SUP-010,184,1250.0,230000.0,USD,2026-08-07 18:00:44.489038,2026-08-13 18:00:44.489038,DELIVERED
ORD-000141,CUST-005,PROD-006,SUP-015,149,1800.0,268200.0,USD,2026-08-12 03:00:44.489038,2026-08-18 03:00:44.489038,DELIVERED
ORD-000142,CUST-008,PROD-006,SUP-015,175,1800.0,315000.0,USD,2026-07-27 14:00:44.489038,2026-08-04 14:00:44.489038,DELIVERED
ORD-000143,CUST-004,PROD-009,SUP-006,131,3400.0,445400.0,USD,2026-07-13 02:00:44.489038,2026-07-21 02:00:44.489038,DELIVERED
ORD-000144,CUST-005,PROD-005,SUP-013,161,2100.0,338100.0,USD,2026-07-31 09:00:44.489038,2026-08-08 09:00:44.489038,DELIVERED
ORD-000145,CUST-005,PROD-001,SUP-010,126,1250.0,157500.0,USD,2026-08-02 23:00:44.489038,2026-08-10 23:00:44.489038,IN_TRANSIT
ORD-000146,CUST-002,PROD-003,SUP-007,15,45.0,675.0,USD,2026-07-18 07:00:44.489038,2026-08-01 07:00:44.489038,CUSTOMS_HOLD
ORD-000147,CUST-007,PROD-005,SUP-013,47,2100.0,98700.0,USD,2026-07-11 12:00:44.489038,2026-07-24 12:00:44.489038,DELIVERED
ORD-000148,CUST-002,PROD-010,SUP-001,109,120.0,13080.0,USD,2026-07-24 17:00:44.489038,2026-08-07 17:00:44.489038,DELIVERED
ORD-000149,CUST-002,PROD-003,SUP-007,75,45.0,3375.0,USD,2026-08-07 03:00:44.489038,2026-08-22 03:00:44.489038,DELIVERED
ORD-000150,CUST-009,PROD-006,SUP-015,81,1800.0,145800.0,USD,2026-08-02 02:00:44.489038,2026-08-16 02:00:44.489038,DELIVERED
ORD-000151,CUST-002,PROD-007,SUP-015,104,3200.0,332800.0,USD,2026-07-23 00:00:44.489038,2026-07-28 00:00:44.489038,DELIVERED
ORD-000152,CUST-007,PROD-005,SUP-013,61,2100.0,128100.0,USD,2026-08-09 14:00:44.489038,2026-08-19 14:00:44.489038,DELAYED
ORD-000153,CUST-009,PROD-008,SUP-003,41,890.0,36490.0,USD,2026-07-14 07:00:44.489038,2026-07-29 07:00:44.489038,DELIVERED
ORD-000154,CUST-010,PROD-007,SUP-015,152,3200.0,486400.0,USD,2026-08-03 21:00:44.489038,2026-08-08 21:00:44.489038,DELIVERED
ORD-000155,CUST-005,PROD-004,SUP-009,9,4800.0,43200.0,USD,2026-08-05 09:00:44.489038,2026-08-12 09:00:44.489038,DELIVERED
ORD-000156,CUST-005,PROD-005,SUP-013,80,2100.0,168000.0,USD,2026-07-29 05:00:44.489038,2026-08-06 05:00:44.489038,DELIVERED
ORD-000157,CUST-008,PROD-004,SUP-009,81,4800.0,388800.0,USD,2026-07-04 19:00:44.489038,2026-07-16 19:00:44.489038,DELIVERED
ORD-000158,CUST-002,PROD-004,SUP-009,116,4800.0,556800.0,USD,2026-08-01 13:00:44.489038,2026-08-11 13:00:44.489038,CUSTOMS_HOLD
ORD-000159,CUST-003,PROD-003,SUP-007,13,45.0,585.0,USD,2026-07-23 11:00:44.489038,2026-08-05 11:00:44.489038,DELIVERED
ORD-000160,CUST-002,PROD-001,SUP-010,129,1250.0,161250.0,USD,2026-07-10 13:00:44.489038,2026-07-20 13:00:44.489038,IN_TRANSIT
ORD-000161,CUST-002,PROD-002,SUP-005,137,350.0,47950.0,USD,2026-07-03 02:00:44.489038,2026-07-08 02:00:44.489038,DELAYED
ORD-000162,CUST-001,PROD-004,SUP-009,134,4800.0,643200.0,USD,2026-08-08 08:00:44.489038,2026-08-17 08:00:44.489038,DELIVERED
ORD-000163,CUST-009,PROD-007,SUP-015,74,3200.0,236800.0,USD,2026-07-24 14:00:44.489038,2026-07-30 14:00:44.489038,DELAYED
ORD-000164,CUST-005,PROD-003,SUP-007,21,45.0,945.0,USD,2026-07-30 16:00:44.489038,2026-08-08 16:00:44.489038,DELIVERED
ORD-000165,CUST-005,PROD-001,SUP-010,66,1250.0,82500.0,USD,2026-07-12 11:00:44.489038,2026-07-25 11:00:44.489038,DELIVERED
ORD-000166,CUST-002,PROD-004,SUP-009,197,4800.0,945600.0,USD,2026-07-15 11:00:44.489038,2026-07-29 11:00:44.489038,DELIVERED
ORD-000167,CUST-002,PROD-007,SUP-015,103,3200.0,329600.0,USD,2026-07-19 16:00:44.489038,2026-07-31 16:00:44.489038,DELIVERED
ORD-000168,CUST-001,PROD-004,SUP-009,118,4800.0,566400.0,USD,2026-07-09 10:00:44.489038,2026-07-19 10:00:44.489038,DELAYED
ORD-000169,CUST-007,PROD-007,SUP-015,109,3200.0,348800.0,USD,2026-08-03 14:00:44.489038,2026-08-13 14:00:44.489038,DELIVERED
ORD-000170,CUST-008,PROD-005,SUP-013,87,2100.0,182700.0,USD,2026-08-04 21:00:44.489038,2026-08-15 21:00:44.489038,IN_TRANSIT
ORD-000171,CUST-004,PROD-002,SUP-005,37,350.0,12950.0,USD,2026-07-31 16:00:44.489038,2026-08-08 16:00:44.489038,DELAYED
ORD-000172,CUST-007,PROD-003,SUP-007,132,45.0,5940.0,USD,2026-07-14 05:00:44.489038,2026-07-28 05:00:44.489038,DELIVERED
ORD-000173,CUST-004,PROD-004,SUP-009,81,4800.0,388800.0,USD,2026-08-03 16:00:44.489038,2026-08-11 16:00:44.489038,DELAYED
ORD-000174,CUST-003,PROD-008,SUP-003,173,890.0,153970.0,USD,2026-07-03 22:00:44.489038,2026-07-18 22:00:44.489038,DELIVERED
ORD-000175,CUST-002,PROD-002,SUP-005,118,350.0,41300.0,USD,2026-07-07 19:00:44.489038,2026-07-19 19:00:44.489038,DELIVERED
ORD-000176,CUST-004,PROD-005,SUP-013,102,2100.0,214200.0,USD,2026-07-21 05:00:44.489038,2026-07-31 05:00:44.489038,DELIVERED
ORD-000177,CUST-003,PROD-007,SUP-015,194,3200.0,620800.0,USD,2026-08-05 14:00:44.489038,2026-08-11 14:00:44.489038,DELIVERED
ORD-000178,CUST-008,PROD-008,SUP-003,155,890.0,137950.0,USD,2026-07-13 23:00:44.489038,2026-07-26 23:00:44.489038,DELIVERED
ORD-000179,CUST-007,PROD-004,SUP-009,60,4800.0,288000.0,USD,2026-07-18 13:00:44.489038,2026-07-27 13:00:44.489038,DELIVERED
ORD-000180,CUST-005,PROD-007,SUP-015,31,3200.0,99200.0,USD,2026-07-01 23:00:44.489038,2026-07-12 23:00:44.489038,DELIVERED
ORD-000181,CUST-003,PROD-007,SUP-015,21,3200.0,67200.0,USD,2026-07-25 01:00:44.489038,2026-07-31 01:00:44.489038,DELIVERED
ORD-000182,CUST-005,PROD-008,SUP-003,194,890.0,172660.0,USD,2026-07-27 00:00:44.489038,2026-08-07 00:00:44.489038,DELIVERED
ORD-000183,CUST-008,PROD-008,SUP-003,33,890.0,29370.0,USD,2026-08-09 16:00:44.489038,2026-08-16 16:00:44.489038,DELIVERED
ORD-000184,CUST-001,PROD-003,SUP-007,191,45.0,8595.0,USD,2026-07-25 02:00:44.489038,2026-08-01 02:00:44.489038,CUSTOMS_HOLD
ORD-000185,CUST-004,PROD-008,SUP-003,134,890.0,119260.0,USD,2026-07-08 23:00:44.489038,2026-07-17 23:00:44.489038,DELIVERED
ORD-000186,CUST-010,PROD-002,SUP-005,58,350.0,20300.0,USD,2026-07-22 08:00:44.489038,2026-08-01 08:00:44.489038,DELIVERED
ORD-000187,CUST-005,PROD-003,SUP-007,114,45.0,5130.0,USD,2026-07-02 00:00:44.489038,2026-07-10 00:00:44.489038,DELIVERED
ORD-000188,CUST-004,PROD-001,SUP-010,180,1250.0,225000.0,USD,2026-07-18 08:00:44.489038,2026-07-25 08:00:44.489038,IN_TRANSIT
ORD-000189,CUST-006,PROD-009,SUP-006,135,3400.0,459000.0,USD,2026-07-26 15:00:44.489038,2026-08-07 15:00:44.489038,IN_TRANSIT
ORD-000190,CUST-006,PROD-008,SUP-003,174,890.0,154860.0,USD,2026-07-01 15:00:44.489038,2026-07-11 15:00:44.489038,DELAYED
ORD-000191,CUST-008,PROD-005,SUP-013,17,2100.0,35700.0,USD,2026-08-10 12:00:44.489038,2026-08-19 12:00:44.489038,DELIVERED
ORD-000192,CUST-009,PROD-008,SUP-003,118,890.0,105020.0,USD,2026-07-10 14:00:44.489038,2026-07-16 14:00:44.489038,DELIVERED
ORD-000193,CUST-009,PROD-009,SUP-006,54,3400.0,183600.0,USD,2026-08-11 23:00:44.489038,2026-08-22 23:00:44.489038,CUSTOMS_HOLD
ORD-000194,CUST-006,PROD-007,SUP-015,95,3200.0,304000.0,USD,2026-08-09 04:00:44.489038,2026-08-16 04:00:44.489038,DELIVERED
ORD-000195,CUST-001,PROD-009,SUP-006,77,3400.0,261800.0,USD,2026-08-10 20:00:44.489038,2026-08-19 20:00:44.489038,DELAYED
ORD-000196,CUST-001,PROD-003,SUP-007,119,45.0,5355.0,USD,2026-07-06 06:00:44.489038,2026-07-16 06:00:44.489038,DELIVERED
ORD-000197,CUST-005,PROD-010,SUP-001,132,120.0,15840.0,USD,2026-07-24 00:00:44.489038,2026-07-29 00:00:44.489038,IN_TRANSIT
ORD-000198,CUST-001,PROD-001,SUP-010,106,1250.0,132500.0,USD,2026-07-19 06:00:44.489038,2026-07-26 06:00:44.489038,DELIVERED
ORD-000199,CUST-006,PROD-006,SUP-015,99,1800.0,178200.0,USD,2026-07-09 11:00:44.489038,2026-07-24 11:00:44.489038,DELIVERED
ORD-000200,CUST-005,PROD-005,SUP-013,178,2100.0,373800.0,USD,2026-06-30 01:00:44.489038,2026-07-14 01:00:44.489038,DELIVERED
ORD-000201,CUST-001,PROD-003,SUP-007,194,45.0,8730.0,USD,2026-07-15 20:00:44.489038,2026-07-24 20:00:44.489038,IN_TRANSIT
ORD-000202,CUST-010,PROD-001,SUP-010,95,1250.0,118750.0,USD,2026-08-04 14:00:44.489038,2026-08-10 14:00:44.489038,DELIVERED
ORD-000203,CUST-001,PROD-007,SUP-015,150,3200.0,480000.0,USD,2026-08-07 04:00:44.489038,2026-08-22 04:00:44.489038,DELIVERED
ORD-000204,CUST-007,PROD-007,SUP-015,88,3200.0,281600.0,USD,2026-08-06 18:00:44.489038,2026-08-15 18:00:44.489038,DELIVERED
ORD-000205,CUST-010,PROD-006,SUP-015,86,1800.0,154800.0,USD,2026-07-03 04:00:44.489038,2026-07-14 04:00:44.489038,DELAYED
ORD-000206,CUST-010,PROD-005,SUP-013,170,2100.0,357000.0,USD,2026-07-14 14:00:44.489038,2026-07-25 14:00:44.489038,DELIVERED
ORD-000207,CUST-009,PROD-005,SUP-013,107,2100.0,224700.0,USD,2026-08-11 19:00:44.489038,2026-08-16 19:00:44.489038,IN_TRANSIT
ORD-000208,CUST-002,PROD-009,SUP-006,41,3400.0,139400.0,USD,2026-07-13 14:00:44.489038,2026-07-24 14:00:44.489038,DELAYED
ORD-000209,CUST-009,PROD-009,SUP-006,6,3400.0,20400.0,USD,2026-07-11 11:00:44.489038,2026-07-19 11:00:44.489038,CUSTOMS_HOLD
ORD-000210,CUST-002,PROD-002,SUP-005,181,350.0,63350.0,USD,2026-07-23 05:00:44.489038,2026-08-04 05:00:44.489038,DELIVERED
ORD-000211,CUST-004,PROD-006,SUP-015,120,1800.0,216000.0,USD,2026-08-07 09:00:44.489038,2026-08-22 09:00:44.489038,IN_TRANSIT
ORD-000212,CUST-009,PROD-007,SUP-015,83,3200.0,265600.0,USD,2026-07-03 06:00:44.489038,2026-07-10 06:00:44.489038,IN_TRANSIT
ORD-000213,CUST-007,PROD-010,SUP-001,142,120.0,17040.0,USD,2026-07-06 14:00:44.489038,2026-07-15 14:00:44.489038,DELIVERED
ORD-000214,CUST-001,PROD-010,SUP-001,94,120.0,11280.0,USD,2026-07-31 17:00:44.489038,2026-08-08 17:00:44.489038,DELIVERED
ORD-000215,CUST-006,PROD-005,SUP-013,5,2100.0,10500.0,USD,2026-08-11 21:00:44.489038,2026-08-23 21:00:44.489038,DELIVERED
ORD-000216,CUST-006,PROD-002,SUP-005,111,350.0,38850.0,USD,2026-07-18 00:00:44.489038,2026-07-30 00:00:44.489038,DELAYED
ORD-000217,CUST-006,PROD-009,SUP-006,101,3400.0,343400.0,USD,2026-07-29 12:00:44.489038,2026-08-04 12:00:44.489038,DELIVERED
ORD-000218,CUST-009,PROD-010,SUP-001,39,120.0,4680.0,USD,2026-07-18 22:00:44.489038,2026-07-29 22:00:44.489038,IN_TRANSIT
ORD-000219,CUST-001,PROD-001,SUP-010,100,1250.0,125000.0,USD,2026-07-28 16:00:44.489038,2026-08-08 16:00:44.489038,DELIVERED
ORD-000220,CUST-002,PROD-005,SUP-013,60,2100.0,126000.0,USD,2026-07-29 13:00:44.489038,2026-08-12 13:00:44.489038,DELIVERED
ORD-000221,CUST-003,PROD-003,SUP-007,101,45.0,4545.0,USD,2026-07-28 07:00:44.489038,2026-08-12 07:00:44.489038,IN_TRANSIT
ORD-000222,CUST-010,PROD-007,SUP-015,56,3200.0,179200.0,USD,2026-06-30 10:00:44.489038,2026-07-12 10:00:44.489038,DELIVERED
ORD-000223,CUST-008,PROD-003,SUP-007,124,45.0,5580.0,USD,2026-07-22 09:00:44.489038,2026-07-29 09:00:44.489038,DELIVERED
ORD-000224,CUST-010,PROD-007,SUP-015,31,3200.0,99200.0,USD,2026-07-30 16:00:44.489038,2026-08-14 16:00:44.489038,CUSTOMS_HOLD
ORD-000225,CUST-006,PROD-009,SUP-006,121,3400.0,411400.0,USD,2026-07-23 09:00:44.489038,2026-08-03 09:00:44.489038,IN_TRANSIT
ORD-000226,CUST-010,PROD-002,SUP-005,194,350.0,67900.0,USD,2026-07-17 08:00:44.489038,2026-07-27 08:00:44.489038,IN_TRANSIT
ORD-000227,CUST-001,PROD-001,SUP-010,56,1250.0,70000.0,USD,2026-08-04 08:00:44.489038,2026-08-19 08:00:44.489038,DELIVERED
ORD-000228,CUST-005,PROD-007,SUP-015,153,3200.0,489600.0,USD,2026-08-03 20:00:44.489038,2026-08-18 20:00:44.489038,DELIVERED
ORD-000229,CUST-004,PROD-005,SUP-013,104,2100.0,218400.0,USD,2026-07-10 20:00:44.489038,2026-07-16 20:00:44.489038,IN_TRANSIT
ORD-000230,CUST-009,PROD-010,SUP-001,99,120.0,11880.0,USD,2026-07-27 19:00:44.489038,2026-08-09 19:00:44.489038,DELIVERED
ORD-000231,CUST-007,PROD-010,SUP-001,196,120.0,23520.0,USD,2026-07-14 10:00:44.489038,2026-07-23 10:00:44.489038,DELIVERED
ORD-000232,CUST-004,PROD-006,SUP-015,140,1800.0,252000.0,USD,2026-07-26 16:00:44.489038,2026-08-04 16:00:44.489038,IN_TRANSIT
ORD-000233,CUST-006,PROD-009,SUP-006,119,3400.0,404600.0,USD,2026-07-28 12:00:44.489038,2026-08-08 12:00:44.489038,DELIVERED
ORD-000234,CUST-003,PROD-004,SUP-009,162,4800.0,777600.0,USD,2026-07-02 14:00:44.489038,2026-07-08 14:00:44.489038,DELAYED
ORD-000235,CUST-006,PROD-007,SUP-015,48,3200.0,153600.0,USD,2026-07-13 18:00:44.489038,2026-07-28 18:00:44.489038,DELIVERED
ORD-000236,CUST-005,PROD-004,SUP-009,24,4800.0,115200.0,USD,2026-07-22 12:00:44.489038,2026-07-27 12:00:44.489038,IN_TRANSIT
ORD-000237,CUST-005,PROD-005,SUP-013,161,2100.0,338100.0,USD,2026-07-11 03:00:44.489038,2026-07-26 03:00:44.489038,IN_TRANSIT
ORD-000238,CUST-003,PROD-007,SUP-015,89,3200.0,284800.0,USD,2026-07-04 20:00:44.489038,2026-07-18 20:00:44.489038,DELIVERED
ORD-000239,CUST-009,PROD-008,SUP-003,73,890.0,64970.0,USD,2026-08-05 05:00:44.489038,2026-08-13 05:00:44.489038,DELIVERED
ORD-000240,CUST-004,PROD-002,SUP-005,87,350.0,30450.0,USD,2026-07-30 08:00:44.489038,2026-08-14 08:00:44.489038,DELAYED
ORD-000241,CUST-001,PROD-006,SUP-015,157,1800.0,282600.0,USD,2026-07-27 17:00:44.489038,2026-08-01 17:00:44.489038,DELIVERED
ORD-000242,CUST-005,PROD-004,SUP-009,153,4800.0,734400.0,USD,2026-08-10 17:00:44.489038,2026-08-21 17:00:44.489038,IN_TRANSIT
ORD-000243,CUST-005,PROD-009,SUP-006,110,3400.0,374000.0,USD,2026-08-11 08:00:44.489038,2026-08-18 08:00:44.489038,DELIVERED
ORD-000244,CUST-001,PROD-004,SUP-009,148,4800.0,710400.0,USD,2026-07-09 00:00:44.489038,2026-07-24 00:00:44.489038,DELIVERED
ORD-000245,CUST-009,PROD-008,SUP-003,110,890.0,97900.0,USD,2026-07-15 16:00:44.489038,2026-07-28 16:00:44.489038,CUSTOMS_HOLD
ORD-000246,CUST-010,PROD-008,SUP-003,55,890.0,48950.0,USD,2026-08-08 10:00:44.489038,2026-08-18 10:00:44.489038,IN_TRANSIT
ORD-000247,CUST-001,PROD-004,SUP-009,88,4800.0,422400.0,USD,2026-06-30 00:00:44.489038,2026-07-10 00:00:44.489038,DELAYED
ORD-000248,CUST-001,PROD-006,SUP-015,93,1800.0,167400.0,USD,2026-07-20 02:00:44.489038,2026-07-30 02:00:44.489038,IN_TRANSIT
ORD-000249,CUST-001,PROD-002,SUP-005,110,350.0,38500.0,USD,2026-07-17 04:00:44.489038,2026-07-27 04:00:44.489038,DELIVERED
ORD-000250,CUST-003,PROD-009,SUP-006,162,3400.0,550800.0,USD,2026-07-04 18:00:44.489038,2026-07-10 18:00:44.489038,IN_TRANSIT
ORD-000251,CUST-006,PROD-003,SUP-007,107,45.0,4815.0,USD,2026-07-10 12:00:44.489038,2026-07-17 12:00:44.489038,IN_TRANSIT
ORD-000252,CUST-003,PROD-007,SUP-015,58,3200.0,185600.0,USD,2026-07-16 03:00:44.489038,2026-07-21 03:00:44.489038,DELIVERED
ORD-000253,CUST-007,PROD-002,SUP-005,22,350.0,7700.0,USD,2026-08-03 18:00:44.489038,2026-08-11 18:00:44.489038,IN_TRANSIT
ORD-000254,CUST-008,PROD-007,SUP-015,127,3200.0,406400.0,USD,2026-07-28 06:00:44.489038,2026-08-02 06:00:44.489038,DELIVERED
ORD-000255,CUST-006,PROD-007,SUP-015,134,3200.0,428800.0,USD,2026-08-06 21:00:44.489038,2026-08-19 21:00:44.489038,DELIVERED
ORD-000256,CUST-005,PROD-009,SUP-006,76,3400.0,258400.0,USD,2026-07-16 06:00:44.489038,2026-07-21 06:00:44.489038,DELIVERED
ORD-000257,CUST-008,PROD-006,SUP-015,126,1800.0,226800.0,USD,2026-06-30 11:00:44.489038,2026-07-13 11:00:44.489038,IN_TRANSIT
ORD-000258,CUST-003,PROD-004,SUP-009,193,4800.0,926400.0,USD,2026-07-28 12:00:44.489038,2026-08-10 12:00:44.489038,DELIVERED
ORD-000259,CUST-001,PROD-010,SUP-001,111,120.0,13320.0,USD,2026-07-14 02:00:44.489038,2026-07-28 02:00:44.489038,DELIVERED
ORD-000260,CUST-002,PROD-006,SUP-015,84,1800.0,151200.0,USD,2026-07-09 16:00:44.489038,2026-07-24 16:00:44.489038,DELIVERED
ORD-000261,CUST-010,PROD-007,SUP-015,94,3200.0,300800.0,USD,2026-07-29 02:00:44.489038,2026-08-06 02:00:44.489038,DELIVERED
ORD-000262,CUST-001,PROD-005,SUP-013,27,2100.0,56700.0,USD,2026-07-16 15:00:44.489038,2026-07-31 15:00:44.489038,DELIVERED
ORD-000263,CUST-008,PROD-002,SUP-005,157,350.0,54950.0,USD,2026-07-17 18:00:44.489038,2026-07-27 18:00:44.489038,DELIVERED
ORD-000264,CUST-006,PROD-004,SUP-009,166,4800.0,796800.0,USD,2026-06-28 21:00:44.489038,2026-07-05 21:00:44.489038,DELIVERED
ORD-000265,CUST-009,PROD-003,SUP-007,45,45.0,2025.0,USD,2026-08-02 00:00:44.489038,2026-08-07 00:00:44.489038,IN_TRANSIT
ORD-000266,CUST-008,PROD-009,SUP-006,82,3400.0,278800.0,USD,2026-08-11 00:00:44.489038,2026-08-17 00:00:44.489038,DELAYED
ORD-000267,CUST-008,PROD-006,SUP-015,64,1800.0,115200.0,USD,2026-07-09 19:00:44.489038,2026-07-18 19:00:44.489038,DELAYED
ORD-000268,CUST-001,PROD-009,SUP-006,167,3400.0,567800.0,USD,2026-07-03 22:00:44.489038,2026-07-16 22:00:44.489038,DELIVERED
ORD-000269,CUST-001,PROD-004,SUP-009,164,4800.0,787200.0,USD,2026-07-14 21:00:44.489038,2026-07-25 21:00:44.489038,DELIVERED
ORD-000270,CUST-008,PROD-009,SUP-006,180,3400.0,612000.0,USD,2026-07-03 03:00:44.489038,2026-07-10 03:00:44.489038,DELIVERED
ORD-000271,CUST-010,PROD-008,SUP-003,84,890.0,74760.0,USD,2026-07-17 21:00:44.489038,2026-07-23 21:00:44.489038,DELIVERED
ORD-000272,CUST-010,PROD-002,SUP-005,10,350.0,3500.0,USD,2026-08-07 06:00:44.489038,2026-08-16 06:00:44.489038,DELIVERED
ORD-000273,CUST-002,PROD-009,SUP-006,190,3400.0,646000.0,USD,2026-07-23 11:00:44.489038,2026-07-30 11:00:44.489038,DELIVERED
ORD-000274,CUST-010,PROD-009,SUP-006,18,3400.0,61200.0,USD,2026-07-07 20:00:44.489038,2026-07-19 20:00:44.489038,CUSTOMS_HOLD
ORD-000275,CUST-007,PROD-007,SUP-015,194,3200.0,620800.0,USD,2026-07-28 09:00:44.489038,2026-08-09 09:00:44.489038,DELIVERED
ORD-000276,CUST-008,PROD-005,SUP-013,49,2100.0,102900.0,USD,2026-07-15 06:00:44.489038,2026-07-21 06:00:44.489038,DELIVERED
ORD-000277,CUST-006,PROD-004,SUP-009,192,4800.0,921600.0,USD,2026-07-20 16:00:44.489038,2026-08-01 16:00:44.489038,DELIVERED
ORD-000278,CUST-006,PROD-001,SUP-010,174,1250.0,217500.0,USD,2026-07-19 16:00:44.489038,2026-07-30 16:00:44.489038,DELIVERED
ORD-000279,CUST-002,PROD-002,SUP-005,144,350.0,50400.0,USD,2026-08-05 12:00:44.489038,2026-08-14 12:00:44.489038,DELIVERED
ORD-000280,CUST-002,PROD-003,SUP-007,75,45.0,3375.0,USD,2026-07-10 18:00:44.489038,2026-07-20 18:00:44.489038,DELIVERED
ORD-000281,CUST-006,PROD-004,SUP-009,126,4800.0,604800.0,USD,2026-07-26 08:00:44.489038,2026-08-02 08:00:44.489038,DELIVERED
ORD-000282,CUST-003,PROD-010,SUP-001,7,120.0,840.0,USD,2026-07-01 15:00:44.489038,2026-07-16 15:00:44.489038,IN_TRANSIT
ORD-000283,CUST-010,PROD-007,SUP-015,31,3200.0,99200.0,USD,2026-07-28 14:00:44.489038,2026-08-02 14:00:44.489038,DELIVERED
ORD-000284,CUST-003,PROD-009,SUP-006,14,3400.0,47600.0,USD,2026-07-03 22:00:44.489038,2026-07-17 22:00:44.489038,DELIVERED
ORD-000285,CUST-010,PROD-010,SUP-001,22,120.0,2640.0,USD,2026-08-06 04:00:44.489038,2026-08-19 04:00:44.489038,DELAYED
ORD-000286,CUST-002,PROD-007,SUP-015,31,3200.0,99200.0,USD,2026-07-27 04:00:44.489038,2026-08-06 04:00:44.489038,DELIVERED
ORD-000287,CUST-002,PROD-004,SUP-009,179,4800.0,859200.0,USD,2026-07-07 16:00:44.489038,2026-07-16 16:00:44.489038,DELIVERED
ORD-000288,CUST-010,PROD-010,SUP-001,195,120.0,23400.0,USD,2026-07-19 08:00:44.489038,2026-07-24 08:00:44.489038,DELIVERED
ORD-000289,CUST-002,PROD-004,SUP-009,196,4800.0,940800.0,USD,2026-07-20 13:00:44.489038,2026-08-03 13:00:44.489038,DELIVERED
ORD-000290,CUST-002,PROD-005,SUP-013,23,2100.0,48300.0,USD,2026-07-10 20:00:44.489038,2026-07-20 20:00:44.489038,DELIVERED
ORD-000291,CUST-001,PROD-004,SUP-009,166,4800.0,796800.0,USD,2026-07-01 21:00:44.489038,2026-07-09 21:00:44.489038,IN_TRANSIT
ORD-000292,CUST-007,PROD-005,SUP-013,84,2100.0,176400.0,USD,2026-07-17 11:00:44.489038,2026-07-31 11:00:44.489038,IN_TRANSIT
ORD-000293,CUST-003,PROD-009,SUP-006,130,3400.0,442000.0,USD,2026-08-07 22:00:44.489038,2026-08-18 22:00:44.489038,DELIVERED
ORD-000294,CUST-001,PROD-002,SUP-005,167,350.0,58450.0,USD,2026-07-26 02:00:44.489038,2026-08-06 02:00:44.489038,DELIVERED
ORD-000295,CUST-006,PROD-008,SUP-003,163,890.0,145070.0,USD,2026-07-20 16:00:44.489038,2026-07-27 16:00:44.489038,DELAYED
ORD-000296,CUST-007,PROD-005,SUP-013,36,2100.0,75600.0,USD,2026-07-11 04:00:44.489038,2026-07-17 04:00:44.489038,DELIVERED
ORD-000297,CUST-006,PROD-004,SUP-009,43,4800.0,206400.0,USD,2026-07-21 22:00:44.489038,2026-08-01 22:00:44.489038,DELIVERED
ORD-000298,CUST-001,PROD-004,SUP-009,118,4800.0,566400.0,USD,2026-07-04 02:00:44.489038,2026-07-17 02:00:44.489038,DELIVERED
ORD-000299,CUST-002,PROD-007,SUP-015,169,3200.0,540800.0,USD,2026-08-07 17:00:44.489038,2026-08-16 17:00:44.489038,CUSTOMS_HOLD
ORD-000300,CUST-003,PROD-004,SUP-009,46,4800.0,220800.0,USD,2026-07-28 03:00:44.489038,2026-08-06 03:00:44.489038,DELIVERED
ORD-000301,CUST-003,PROD-003,SUP-007,111,45.0,4995.0,USD,2026-07-26 02:00:44.489038,2026-08-01 02:00:44.489038,DELIVERED
ORD-000302,CUST-001,PROD-007,SUP-015,132,3200.0,422400.0,USD,2026-08-09 22:00:44.489038,2026-08-22 22:00:44.489038,DELIVERED
ORD-000303,CUST-003,PROD-010,SUP-001,123,120.0,14760.0,USD,2026-07-20 02:00:44.489038,2026-07-31 02:00:44.489038,DELIVERED
ORD-000304,CUST-006,PROD-001,SUP-010,49,1250.0,61250.0,USD,2026-07-09 17:00:44.489038,2026-07-20 17:00:44.489038,DELIVERED
ORD-000305,CUST-002,PROD-002,SUP-005,71,350.0,24850.0,USD,2026-07-20 04:00:44.489038,2026-07-28 04:00:44.489038,DELIVERED
ORD-000306,CUST-010,PROD-008,SUP-003,161,890.0,143290.0,USD,2026-07-09 06:00:44.489038,2026-07-24 06:00:44.489038,DELIVERED
ORD-000307,CUST-008,PROD-003,SUP-007,158,45.0,7110.0,USD,2026-07-30 02:00:44.489038,2026-08-09 02:00:44.489038,DELIVERED
ORD-000308,CUST-002,PROD-001,SUP-010,96,1250.0,120000.0,USD,2026-07-29 16:00:44.489038,2026-08-08 16:00:44.489038,DELIVERED
ORD-000309,CUST-009,PROD-006,SUP-015,111,1800.0,199800.0,USD,2026-08-05 15:00:44.489038,2026-08-15 15:00:44.489038,IN_TRANSIT
ORD-000310,CUST-001,PROD-004,SUP-009,30,4800.0,144000.0,USD,2026-07-17 02:00:44.489038,2026-07-23 02:00:44.489038,DELIVERED
ORD-000311,CUST-006,PROD-003,SUP-007,61,45.0,2745.0,USD,2026-07-26 02:00:44.489038,2026-08-08 02:00:44.489038,DELIVERED
ORD-000312,CUST-008,PROD-010,SUP-001,91,120.0,10920.0,USD,2026-07-27 14:00:44.489038,2026-08-04 14:00:44.489038,DELIVERED
ORD-000313,CUST-002,PROD-010,SUP-001,85,120.0,10200.0,USD,2026-07-03 23:00:44.489038,2026-07-09 23:00:44.489038,DELIVERED
ORD-000314,CUST-002,PROD-001,SUP-010,175,1250.0,218750.0,USD,2026-07-25 11:00:44.489038,2026-08-01 11:00:44.489038,DELIVERED
ORD-000315,CUST-007,PROD-003,SUP-007,24,45.0,1080.0,USD,2026-06-30 06:00:44.489038,2026-07-12 06:00:44.489038,DELIVERED
ORD-000316,CUST-001,PROD-007,SUP-015,179,3200.0,572800.0,USD,2026-07-13 16:00:44.489038,2026-07-25 16:00:44.489038,DELIVERED
ORD-000317,CUST-006,PROD-007,SUP-015,178,3200.0,569600.0,USD,2026-07-02 09:00:44.489038,2026-07-10 09:00:44.489038,DELIVERED
ORD-000318,CUST-006,PROD-001,SUP-010,109,1250.0,136250.0,USD,2026-07-27 03:00:44.489038,2026-08-02 03:00:44.489038,IN_TRANSIT
ORD-000319,CUST-008,PROD-002,SUP-005,63,350.0,22050.0,USD,2026-07-11 02:00:44.489038,2026-07-25 02:00:44.489038,DELIVERED
ORD-000320,CUST-007,PROD-009,SUP-006,51,3400.0,173400.0,USD,2026-06-28 22:00:44.489038,2026-07-07 22:00:44.489038,IN_TRANSIT
ORD-000321,CUST-002,PROD-003,SUP-007,199,45.0,8955.0,USD,2026-07-06 04:00:44.489038,2026-07-12 04:00:44.489038,IN_TRANSIT
ORD-000322,CUST-010,PROD-001,SUP-010,171,1250.0,213750.0,USD,2026-07-25 08:00:44.489038,2026-08-09 08:00:44.489038,DELIVERED
ORD-000323,CUST-006,PROD-007,SUP-015,175,3200.0,560000.0,USD,2026-07-24 08:00:44.489038,2026-07-31 08:00:44.489038,DELIVERED
ORD-000324,CUST-009,PROD-010,SUP-001,129,120.0,15480.0,USD,2026-06-30 07:00:44.489038,2026-07-11 07:00:44.489038,IN_TRANSIT
ORD-000325,CUST-006,PROD-004,SUP-009,75,4800.0,360000.0,USD,2026-07-24 21:00:44.489038,2026-08-05 21:00:44.489038,DELIVERED
ORD-000326,CUST-008,PROD-005,SUP-013,43,2100.0,90300.0,USD,2026-08-07 10:00:44.489038,2026-08-18 10:00:44.489038,IN_TRANSIT
ORD-000327,CUST-009,PROD-006,SUP-015,147,1800.0,264600.0,USD,2026-07-18 06:00:44.489038,2026-08-02 06:00:44.489038,DELIVERED
ORD-000328,CUST-002,PROD-004,SUP-009,89,4800.0,427200.0,USD,2026-08-03 21:00:44.489038,2026-08-11 21:00:44.489038,DELIVERED
ORD-000329,CUST-007,PROD-008,SUP-003,187,890.0,166430.0,USD,2026-07-25 07:00:44.489038,2026-07-31 07:00:44.489038,DELIVERED
ORD-000330,CUST-005,PROD-001,SUP-010,22,1250.0,27500.0,USD,2026-07-04 07:00:44.489038,2026-07-19 07:00:44.489038,DELIVERED
ORD-000331,CUST-005,PROD-006,SUP-015,33,1800.0,59400.0,USD,2026-07-12 10:00:44.489038,2026-07-26 10:00:44.489038,DELIVERED
ORD-000332,CUST-007,PROD-005,SUP-013,51,2100.0,107100.0,USD,2026-07-11 14:00:44.489038,2026-07-19 14:00:44.489038,IN_TRANSIT
ORD-000333,CUST-003,PROD-002,SUP-005,175,350.0,61250.0,USD,2026-07-01 08:00:44.489038,2026-07-09 08:00:44.489038,DELAYED
ORD-000334,CUST-008,PROD-007,SUP-015,102,3200.0,326400.0,USD,2026-07-10 20:00:44.489038,2026-07-20 20:00:44.489038,IN_TRANSIT
ORD-000335,CUST-002,PROD-005,SUP-013,33,2100.0,69300.0,USD,2026-08-07 14:00:44.489038,2026-08-13 14:00:44.489038,DELIVERED
ORD-000336,CUST-003,PROD-002,SUP-005,144,350.0,50400.0,USD,2026-07-26 23:00:44.489038,2026-07-31 23:00:44.489038,DELIVERED
ORD-000337,CUST-004,PROD-004,SUP-009,80,4800.0,384000.0,USD,2026-08-04 23:00:44.489038,2026-08-10 23:00:44.489038,DELIVERED
ORD-000338,CUST-008,PROD-006,SUP-015,43,1800.0,77400.0,USD,2026-08-07 23:00:44.489038,2026-08-16 23:00:44.489038,IN_TRANSIT
ORD-000339,CUST-004,PROD-003,SUP-007,191,45.0,8595.0,USD,2026-07-31 14:00:44.489038,2026-08-10 14:00:44.489038,IN_TRANSIT
ORD-000340,CUST-004,PROD-009,SUP-006,45,3400.0,153000.0,USD,2026-07-14 16:00:44.489038,2026-07-29 16:00:44.489038,DELAYED
ORD-000341,CUST-008,PROD-001,SUP-010,79,1250.0,98750.0,USD,2026-06-30 17:00:44.489038,2026-07-06 17:00:44.489038,DELIVERED
ORD-000342,CUST-008,PROD-001,SUP-010,79,1250.0,98750.0,USD,2026-07-25 05:00:44.489038,2026-08-05 05:00:44.489038,DELIVERED
ORD-000343,CUST-007,PROD-008,SUP-003,64,890.0,56960.0,USD,2026-06-30 12:00:44.489038,2026-07-11 12:00:44.489038,DELIVERED
ORD-000344,CUST-001,PROD-005,SUP-013,109,2100.0,228900.0,USD,2026-07-15 10:00:44.489038,2026-07-26 10:00:44.489038,DELIVERED
ORD-000345,CUST-008,PROD-005,SUP-013,195,2100.0,409500.0,USD,2026-07-30 22:00:44.489038,2026-08-07 22:00:44.489038,DELIVERED
ORD-000346,CUST-003,PROD-005,SUP-013,25,2100.0,52500.0,USD,2026-08-03 03:00:44.489038,2026-08-18 03:00:44.489038,DELIVERED
ORD-000347,CUST-005,PROD-010,SUP-001,187,120.0,22440.0,USD,2026-07-20 05:00:44.489038,2026-08-01 05:00:44.489038,DELAYED
ORD-000348,CUST-005,PROD-004,SUP-009,87,4800.0,417600.0,USD,2026-08-06 11:00:44.489038,2026-08-20 11:00:44.489038,DELIVERED
ORD-000349,CUST-003,PROD-009,SUP-006,199,3400.0,676600.0,USD,2026-07-23 17:00:44.489038,2026-07-31 17:00:44.489038,DELIVERED
ORD-000350,CUST-001,PROD-010,SUP-001,111,120.0,13320.0,USD,2026-08-05 19:00:44.489038,2026-08-12 19:00:44.489038,DELIVERED
ORD-000351,CUST-004,PROD-004,SUP-009,142,4800.0,681600.0,USD,2026-06-30 00:00:44.489038,2026-07-12 00:00:44.489038,IN_TRANSIT
ORD-000352,CUST-004,PROD-007,SUP-015,89,3200.0,284800.0,USD,2026-08-09 16:00:44.489038,2026-08-15 16:00:44.489038,IN_TRANSIT
ORD-000353,CUST-005,PROD-003,SUP-007,159,45.0,7155.0,USD,2026-07-02 04:00:44.489038,2026-07-14 04:00:44.489038,DELAYED
ORD-000354,CUST-001,PROD-002,SUP-005,198,350.0,69300.0,USD,2026-08-08 08:00:44.489038,2026-08-16 08:00:44.489038,IN_TRANSIT
ORD-000355,CUST-005,PROD-007,SUP-015,38,3200.0,121600.0,USD,2026-08-03 17:00:44.489038,2026-08-11 17:00:44.489038,DELIVERED
ORD-000356,CUST-002,PROD-005,SUP-013,95,2100.0,199500.0,USD,2026-07-25 17:00:44.489038,2026-08-03 17:00:44.489038,IN_TRANSIT
ORD-000357,CUST-005,PROD-004,SUP-009,83,4800.0,398400.0,USD,2026-07-31 12:00:44.489038,2026-08-10 12:00:44.489038,DELIVERED
ORD-000358,CUST-002,PROD-004,SUP-009,81,4800.0,388800.0,USD,2026-07-12 01:00:44.489038,2026-07-22 01:00:44.489038,IN_TRANSIT
ORD-000359,CUST-005,PROD-008,SUP-003,136,890.0,121040.0,USD,2026-07-08 13:00:44.489038,2026-07-21 13:00:44.489038,DELIVERED
ORD-000360,CUST-002,PROD-008,SUP-003,121,890.0,107690.0,USD,2026-07-27 11:00:44.489038,2026-08-05 11:00:44.489038,DELIVERED
ORD-000361,CUST-001,PROD-004,SUP-009,76,4800.0,364800.0,USD,2026-07-25 08:00:44.489038,2026-08-09 08:00:44.489038,DELIVERED
ORD-000362,CUST-006,PROD-003,SUP-007,90,45.0,4050.0,USD,2026-07-05 19:00:44.489038,2026-07-14 19:00:44.489038,CUSTOMS_HOLD
ORD-000363,CUST-005,PROD-005,SUP-013,76,2100.0,159600.0,USD,2026-08-10 03:00:44.489038,2026-08-20 03:00:44.489038,CUSTOMS_HOLD
ORD-000364,CUST-001,PROD-008,SUP-003,19,890.0,16910.0,USD,2026-07-12 07:00:44.489038,2026-07-24 07:00:44.489038,IN_TRANSIT
ORD-000365,CUST-006,PROD-002,SUP-005,149,350.0,52150.0,USD,2026-07-28 16:00:44.489038,2026-08-03 16:00:44.489038,DELIVERED
ORD-000366,CUST-003,PROD-007,SUP-015,140,3200.0,448000.0,USD,2026-07-11 02:00:44.489038,2026-07-19 02:00:44.489038,DELIVERED
ORD-000367,CUST-005,PROD-004,SUP-009,106,4800.0,508800.0,USD,2026-08-08 02:00:44.489038,2026-08-18 02:00:44.489038,DELIVERED
ORD-000368,CUST-006,PROD-010,SUP-001,195,120.0,23400.0,USD,2026-07-31 15:00:44.489038,2026-08-15 15:00:44.489038,DELIVERED
ORD-000369,CUST-002,PROD-009,SUP-006,92,3400.0,312800.0,USD,2026-08-10 03:00:44.489038,2026-08-25 03:00:44.489038,IN_TRANSIT
ORD-000370,CUST-008,PROD-006,SUP-015,112,1800.0,201600.0,USD,2026-08-03 02:00:44.489038,2026-08-17 02:00:44.489038,DELIVERED
ORD-000371,CUST-005,PROD-009,SUP-006,130,3400.0,442000.0,USD,2026-07-12 18:00:44.489038,2026-07-19 18:00:44.489038,DELIVERED
ORD-000372,CUST-004,PROD-004,SUP-009,8,4800.0,38400.0,USD,2026-07-16 13:00:44.489038,2026-07-26 13:00:44.489038,DELIVERED
ORD-000373,CUST-002,PROD-004,SUP-009,149,4800.0,715200.0,USD,2026-07-09 15:00:44.489038,2026-07-14 15:00:44.489038,DELAYED
ORD-000374,CUST-007,PROD-001,SUP-010,114,1250.0,142500.0,USD,2026-06-30 13:00:44.489038,2026-07-14 13:00:44.489038,DELAYED
ORD-000375,CUST-009,PROD-002,SUP-005,7,350.0,2450.0,USD,2026-07-24 03:00:44.489038,2026-08-07 03:00:44.489038,IN_TRANSIT
ORD-000376,CUST-003,PROD-002,SUP-005,14,350.0,4900.0,USD,2026-07-04 13:00:44.489038,2026-07-10 13:00:44.489038,DELIVERED
ORD-000377,CUST-006,PROD-010,SUP-001,19,120.0,2280.0,USD,2026-07-28 20:00:44.489038,2026-08-11 20:00:44.489038,CUSTOMS_HOLD
ORD-000378,CUST-004,PROD-009,SUP-006,175,3400.0,595000.0,USD,2026-07-22 09:00:44.489038,2026-07-27 09:00:44.489038,IN_TRANSIT
ORD-000379,CUST-008,PROD-010,SUP-001,15,120.0,1800.0,USD,2026-08-04 15:00:44.489038,2026-08-13 15:00:44.489038,DELIVERED
ORD-000380,CUST-010,PROD-004,SUP-009,21,4800.0,100800.0,USD,2026-06-29 19:00:44.489038,2026-07-05 19:00:44.489038,IN_TRANSIT
ORD-000381,CUST-010,PROD-007,SUP-015,89,3200.0,284800.0,USD,2026-06-30 07:00:44.489038,2026-07-11 07:00:44.489038,DELIVERED
ORD-000382,CUST-007,PROD-002,SUP-005,178,350.0,62300.0,USD,2026-08-03 01:00:44.489038,2026-08-08 01:00:44.489038,DELIVERED
ORD-000383,CUST-007,PROD-009,SUP-006,172,3400.0,584800.0,USD,2026-08-11 20:00:44.489038,2026-08-16 20:00:44.489038,IN_TRANSIT
ORD-000384,CUST-002,PROD-007,SUP-015,113,3200.0,361600.0,USD,2026-07-12 07:00:44.489038,2026-07-25 07:00:44.489038,DELIVERED
ORD-000385,CUST-009,PROD-008,SUP-003,49,890.0,43610.0,USD,2026-08-03 23:00:44.489038,2026-08-08 23:00:44.489038,DELAYED
ORD-000386,CUST-004,PROD-004,SUP-009,84,4800.0,403200.0,USD,2026-07-16 08:00:44.489038,2026-07-23 08:00:44.489038,IN_TRANSIT
ORD-000387,CUST-001,PROD-001,SUP-010,59,1250.0,73750.0,USD,2026-07-08 15:00:44.489038,2026-07-17 15:00:44.489038,IN_TRANSIT
ORD-000388,CUST-006,PROD-010,SUP-001,38,120.0,4560.0,USD,2026-07-05 22:00:44.489038,2026-07-18 22:00:44.489038,DELAYED
ORD-000389,CUST-001,PROD-001,SUP-010,123,1250.0,153750.0,USD,2026-07-20 03:00:44.489038,2026-07-31 03:00:44.489038,IN_TRANSIT
ORD-000390,CUST-003,PROD-007,SUP-015,13,3200.0,41600.0,USD,2026-08-03 03:00:44.489038,2026-08-13 03:00:44.489038,IN_TRANSIT
ORD-000391,CUST-007,PROD-004,SUP-009,26,4800.0,124800.0,USD,2026-08-06 18:00:44.489038,2026-08-11 18:00:44.489038,CUSTOMS_HOLD
ORD-000392,CUST-003,PROD-007,SUP-015,6,3200.0,19200.0,USD,2026-07-26 11:00:44.489038,2026-08-07 11:00:44.489038,DELIVERED
ORD-000393,CUST-004,PROD-007,SUP-015,192,3200.0,614400.0,USD,2026-08-09 12:00:44.489038,2026-08-14 12:00:44.489038,DELIVERED
ORD-000394,CUST-009,PROD-006,SUP-015,42,1800.0,75600.0,USD,2026-07-22 12:00:44.489038,2026-07-27 12:00:44.489038,DELIVERED
ORD-000395,CUST-001,PROD-004,SUP-009,22,4800.0,105600.0,USD,2026-07-27 05:00:44.489038,2026-08-09 05:00:44.489038,DELIVERED
ORD-000396,CUST-001,PROD-006,SUP-015,20,1800.0,36000.0,USD,2026-06-29 05:00:44.489038,2026-07-07 05:00:44.489038,DELIVERED
ORD-000397,CUST-008,PROD-005,SUP-013,136,2100.0,285600.0,USD,2026-07-29 05:00:44.489038,2026-08-11 05:00:44.489038,IN_TRANSIT
ORD-000398,CUST-005,PROD-009,SUP-006,40,3400.0,136000.0,USD,2026-07-16 03:00:44.489038,2026-07-29 03:00:44.489038,DELIVERED
ORD-000399,CUST-010,PROD-001,SUP-010,151,1250.0,188750.0,USD,2026-07-12 03:00:44.489038,2026-07-22 03:00:44.489038,DELIVERED
ORD-000400,CUST-003,PROD-008,SUP-003,197,890.0,175330.0,USD,2026-07-17 03:00:44.489038,2026-07-30 03:00:44.489038,DELIVERED
ORD-000401,CUST-003,PROD-004,SUP-009,138,4800.0,662400.0,USD,2026-07-07 21:00:44.489038,2026-07-20 21:00:44.489038,DELIVERED
ORD-000402,CUST-006,PROD-009,SUP-006,17,3400.0,57800.0,USD,2026-07-20 11:00:44.489038,2026-08-04 11:00:44.489038,DELIVERED
ORD-000403,CUST-005,PROD-008,SUP-003,126,890.0,112140.0,USD,2026-08-08 04:00:44.489038,2026-08-18 04:00:44.489038,DELIVERED
ORD-000404,CUST-005,PROD-009,SUP-006,173,3400.0,588200.0,USD,2026-08-04 10:00:44.489038,2026-08-17 10:00:44.489038,DELIVERED
ORD-000405,CUST-010,PROD-002,SUP-005,43,350.0,15050.0,USD,2026-07-22 03:00:44.489038,2026-07-30 03:00:44.489038,DELIVERED
ORD-000406,CUST-008,PROD-003,SUP-007,165,45.0,7425.0,USD,2026-07-12 17:00:44.489038,2026-07-26 17:00:44.489038,DELIVERED
ORD-000407,CUST-004,PROD-004,SUP-009,142,4800.0,681600.0,USD,2026-07-22 00:00:44.489038,2026-08-03 00:00:44.489038,CUSTOMS_HOLD
ORD-000408,CUST-007,PROD-007,SUP-015,198,3200.0,633600.0,USD,2026-07-17 19:00:44.489038,2026-07-27 19:00:44.489038,DELIVERED
ORD-000409,CUST-009,PROD-009,SUP-006,19,3400.0,64600.0,USD,2026-07-28 20:00:44.489038,2026-08-03 20:00:44.489038,DELIVERED
ORD-000410,CUST-006,PROD-009,SUP-006,12,3400.0,40800.0,USD,2026-07-14 21:00:44.489038,2026-07-27 21:00:44.489038,IN_TRANSIT
ORD-000411,CUST-006,PROD-008,SUP-003,87,890.0,77430.0,USD,2026-08-10 06:00:44.489038,2026-08-23 06:00:44.489038,IN_TRANSIT
ORD-000412,CUST-010,PROD-005,SUP-013,194,2100.0,407400.0,USD,2026-07-14 23:00:44.489038,2026-07-23 23:00:44.489038,CUSTOMS_HOLD
ORD-000413,CUST-001,PROD-009,SUP-006,131,3400.0,445400.0,USD,2026-06-28 11:00:44.489038,2026-07-12 11:00:44.489038,DELAYED
ORD-000414,CUST-006,PROD-010,SUP-001,134,120.0,16080.0,USD,2026-08-08 11:00:44.489038,2026-08-14 11:00:44.489038,IN_TRANSIT
ORD-000415,CUST-003,PROD-007,SUP-015,5,3200.0,16000.0,USD,2026-08-07 06:00:44.489038,2026-08-12 06:00:44.489038,DELIVERED
ORD-000416,CUST-010,PROD-001,SUP-010,140,1250.0,175000.0,USD,2026-07-20 08:00:44.489038,2026-07-30 08:00:44.489038,DELIVERED
ORD-000417,CUST-008,PROD-004,SUP-009,26,4800.0,124800.0,USD,2026-08-06 22:00:44.489038,2026-08-16 22:00:44.489038,DELIVERED
ORD-000418,CUST-003,PROD-006,SUP-015,139,1800.0,250200.0,USD,2026-07-03 13:00:44.489038,2026-07-18 13:00:44.489038,IN_TRANSIT
ORD-000419,CUST-004,PROD-005,SUP-013,155,2100.0,325500.0,USD,2026-07-28 09:00:44.489038,2026-08-09 09:00:44.489038,CUSTOMS_HOLD
ORD-000420,CUST-006,PROD-001,SUP-010,153,1250.0,191250.0,USD,2026-07-29 06:00:44.489038,2026-08-05 06:00:44.489038,DELIVERED
ORD-000421,CUST-006,PROD-010,SUP-001,146,120.0,17520.0,USD,2026-07-03 11:00:44.489038,2026-07-17 11:00:44.489038,DELIVERED
ORD-000422,CUST-003,PROD-001,SUP-010,144,1250.0,180000.0,USD,2026-06-28 10:00:44.489038,2026-07-12 10:00:44.489038,DELIVERED
ORD-000423,CUST-004,PROD-010,SUP-001,60,120.0,7200.0,USD,2026-07-16 10:00:44.489038,2026-07-26 10:00:44.489038,IN_TRANSIT
ORD-000424,CUST-005,PROD-007,SUP-015,42,3200.0,134400.0,USD,2026-07-20 10:00:44.489038,2026-07-29 10:00:44.489038,DELIVERED
ORD-000425,CUST-002,PROD-010,SUP-001,33,120.0,3960.0,USD,2026-08-08 06:00:44.489038,2026-08-14 06:00:44.489038,DELIVERED
ORD-000426,CUST-003,PROD-004,SUP-009,20,4800.0,96000.0,USD,2026-08-07 06:00:44.489038,2026-08-21 06:00:44.489038,DELAYED
ORD-000427,CUST-008,PROD-004,SUP-009,125,4800.0,600000.0,USD,2026-07-26 16:00:44.489038,2026-08-02 16:00:44.489038,DELIVERED
ORD-000428,CUST-005,PROD-007,SUP-015,153,3200.0,489600.0,USD,2026-07-16 00:00:44.489038,2026-07-29 00:00:44.489038,DELIVERED
ORD-000429,CUST-005,PROD-006,SUP-015,164,1800.0,295200.0,USD,2026-06-30 03:00:44.489038,2026-07-08 03:00:44.489038,DELIVERED
ORD-000430,CUST-008,PROD-002,SUP-005,46,350.0,16100.0,USD,2026-07-03 06:00:44.489038,2026-07-09 06:00:44.489038,CUSTOMS_HOLD
ORD-000431,CUST-004,PROD-008,SUP-003,32,890.0,28480.0,USD,2026-06-29 11:00:44.489038,2026-07-14 11:00:44.489038,IN_TRANSIT
ORD-000432,CUST-005,PROD-002,SUP-005,66,350.0,23100.0,USD,2026-07-01 20:00:44.489038,2026-07-08 20:00:44.489038,DELIVERED
ORD-000433,CUST-009,PROD-010,SUP-001,32,120.0,3840.0,USD,2026-07-20 17:00:44.489038,2026-07-31 17:00:44.489038,IN_TRANSIT
ORD-000434,CUST-002,PROD-005,SUP-013,85,2100.0,178500.0,USD,2026-07-26 17:00:44.489038,2026-08-05 17:00:44.489038,IN_TRANSIT
ORD-000435,CUST-004,PROD-009,SUP-006,192,3400.0,652800.0,USD,2026-07-24 11:00:44.489038,2026-08-01 11:00:44.489038,DELIVERED
ORD-000436,CUST-002,PROD-009,SUP-006,83,3400.0,282200.0,USD,2026-07-04 02:00:44.489038,2026-07-09 02:00:44.489038,DELAYED
ORD-000437,CUST-009,PROD-004,SUP-009,28,4800.0,134400.0,USD,2026-08-08 23:00:44.489038,2026-08-15 23:00:44.489038,DELAYED
ORD-000438,CUST-003,PROD-003,SUP-007,65,45.0,2925.0,USD,2026-08-10 13:00:44.489038,2026-08-23 13:00:44.489038,DELIVERED
ORD-000439,CUST-001,PROD-005,SUP-013,85,2100.0,178500.0,USD,2026-08-05 21:00:44.489038,2026-08-20 21:00:44.489038,IN_TRANSIT
ORD-000440,CUST-007,PROD-008,SUP-003,50,890.0,44500.0,USD,2026-07-21 21:00:44.489038,2026-08-05 21:00:44.489038,IN_TRANSIT
ORD-000441,CUST-008,PROD-008,SUP-003,111,890.0,98790.0,USD,2026-07-27 08:00:44.489038,2026-08-10 08:00:44.489038,DELIVERED
ORD-000442,CUST-004,PROD-008,SUP-003,100,890.0,89000.0,USD,2026-07-05 15:00:44.489038,2026-07-15 15:00:44.489038,DELAYED
ORD-000443,CUST-004,PROD-004,SUP-009,19,4800.0,91200.0,USD,2026-08-10 17:00:44.489038,2026-08-17 17:00:44.489038,IN_TRANSIT
ORD-000444,CUST-010,PROD-006,SUP-015,41,1800.0,73800.0,USD,2026-07-12 09:00:44.489038,2026-07-21 09:00:44.489038,DELIVERED
ORD-000445,CUST-005,PROD-007,SUP-015,195,3200.0,624000.0,USD,2026-07-26 08:00:44.489038,2026-08-10 08:00:44.489038,DELIVERED
ORD-000446,CUST-003,PROD-004,SUP-009,188,4800.0,902400.0,USD,2026-07-24 17:00:44.489038,2026-07-30 17:00:44.489038,IN_TRANSIT
ORD-000447,CUST-010,PROD-010,SUP-001,124,120.0,14880.0,USD,2026-08-09 21:00:44.489038,2026-08-22 21:00:44.489038,DELIVERED
ORD-000448,CUST-008,PROD-006,SUP-015,123,1800.0,221400.0,USD,2026-08-08 20:00:44.489038,2026-08-22 20:00:44.489038,DELIVERED
ORD-000449,CUST-009,PROD-005,SUP-013,78,2100.0,163800.0,USD,2026-07-15 20:00:44.489038,2026-07-29 20:00:44.489038,DELIVERED
ORD-000450,CUST-005,PROD-003,SUP-007,161,45.0,7245.0,USD,2026-08-05 03:00:44.489038,2026-08-12 03:00:44.489038,DELAYED
ORD-000451,CUST-008,PROD-002,SUP-005,196,350.0,68600.0,USD,2026-07-06 08:00:44.489038,2026-07-16 08:00:44.489038,DELIVERED
ORD-000452,CUST-003,PROD-007,SUP-015,17,3200.0,54400.0,USD,2026-08-09 21:00:44.489038,2026-08-17 21:00:44.489038,CUSTOMS_HOLD
ORD-000453,CUST-004,PROD-010,SUP-001,39,120.0,4680.0,USD,2026-07-29 23:00:44.489038,2026-08-10 23:00:44.489038,IN_TRANSIT
ORD-000454,CUST-005,PROD-010,SUP-001,189,120.0,22680.0,USD,2026-07-19 18:00:44.489038,2026-07-30 18:00:44.489038,DELAYED
ORD-000455,CUST-004,PROD-005,SUP-013,37,2100.0,77700.0,USD,2026-07-08 22:00:44.489038,2026-07-23 22:00:44.489038,IN_TRANSIT
ORD-000456,CUST-008,PROD-007,SUP-015,23,3200.0,73600.0,USD,2026-07-24 21:00:44.489038,2026-08-08 21:00:44.489038,IN_TRANSIT
ORD-000457,CUST-007,PROD-005,SUP-013,6,2100.0,12600.0,USD,2026-08-03 03:00:44.489038,2026-08-16 03:00:44.489038,DELIVERED
ORD-000458,CUST-006,PROD-008,SUP-003,53,890.0,47170.0,USD,2026-07-14 21:00:44.489038,2026-07-20 21:00:44.489038,CUSTOMS_HOLD
ORD-000459,CUST-005,PROD-004,SUP-009,160,4800.0,768000.0,USD,2026-08-06 17:00:44.489038,2026-08-14 17:00:44.489038,IN_TRANSIT
ORD-000460,CUST-003,PROD-004,SUP-009,28,4800.0,134400.0,USD,2026-07-17 01:00:44.489038,2026-07-31 01:00:44.489038,IN_TRANSIT
ORD-000461,CUST-004,PROD-003,SUP-007,28,45.0,1260.0,USD,2026-07-16 12:00:44.489038,2026-07-23 12:00:44.489038,DELIVERED
ORD-000462,CUST-002,PROD-006,SUP-015,129,1800.0,232200.0,USD,2026-08-07 18:00:44.489038,2026-08-12 18:00:44.489038,DELIVERED
ORD-000463,CUST-001,PROD-006,SUP-015,23,1800.0,41400.0,USD,2026-08-08 11:00:44.489038,2026-08-20 11:00:44.489038,DELIVERED
ORD-000464,CUST-007,PROD-006,SUP-015,73,1800.0,131400.0,USD,2026-08-10 06:00:44.489038,2026-08-25 06:00:44.489038,DELIVERED
ORD-000465,CUST-009,PROD-008,SUP-003,21,890.0,18690.0,USD,2026-07-13 13:00:44.489038,2026-07-20 13:00:44.489038,DELIVERED
ORD-000466,CUST-001,PROD-003,SUP-007,147,45.0,6615.0,USD,2026-07-30 10:00:44.489038,2026-08-04 10:00:44.489038,DELIVERED
ORD-000467,CUST-009,PROD-001,SUP-010,86,1250.0,107500.0,USD,2026-08-03 05:00:44.489038,2026-08-16 05:00:44.489038,DELIVERED
ORD-000468,CUST-001,PROD-003,SUP-007,17,45.0,765.0,USD,2026-07-29 01:00:44.489038,2026-08-12 01:00:44.489038,IN_TRANSIT
ORD-000469,CUST-001,PROD-010,SUP-001,135,120.0,16200.0,USD,2026-07-05 16:00:44.489038,2026-07-17 16:00:44.489038,DELIVERED
ORD-000470,CUST-010,PROD-006,SUP-015,79,1800.0,142200.0,USD,2026-07-18 21:00:44.489038,2026-07-26 21:00:44.489038,IN_TRANSIT
ORD-000471,CUST-006,PROD-008,SUP-003,86,890.0,76540.0,USD,2026-07-30 12:00:44.489038,2026-08-07 12:00:44.489038,IN_TRANSIT
ORD-000472,CUST-002,PROD-009,SUP-006,183,3400.0,622200.0,USD,2026-06-28 23:00:44.489038,2026-07-05 23:00:44.489038,DELIVERED
ORD-000473,CUST-003,PROD-002,SUP-005,92,350.0,32200.0,USD,2026-08-07 03:00:44.489038,2026-08-13 03:00:44.489038,IN_TRANSIT
ORD-000474,CUST-006,PROD-001,SUP-010,180,1250.0,225000.0,USD,2026-08-11 16:00:44.489038,2026-08-16 16:00:44.489038,DELAYED
ORD-000475,CUST-010,PROD-010,SUP-001,38,120.0,4560.0,USD,2026-07-10 17:00:44.489038,2026-07-15 17:00:44.489038,DELIVERED
ORD-000476,CUST-006,PROD-007,SUP-015,54,3200.0,172800.0,USD,2026-07-19 08:00:44.489038,2026-07-24 08:00:44.489038,DELIVERED
ORD-000477,CUST-003,PROD-005,SUP-013,111,2100.0,233100.0,USD,2026-08-02 23:00:44.489038,2026-08-14 23:00:44.489038,IN_TRANSIT
ORD-000478,CUST-004,PROD-008,SUP-003,131,890.0,116590.0,USD,2026-08-11 18:00:44.489038,2026-08-25 18:00:44.489038,IN_TRANSIT
ORD-000479,CUST-003,PROD-007,SUP-015,74,3200.0,236800.0,USD,2026-08-05 23:00:44.489038,2026-08-13 23:00:44.489038,DELIVERED
ORD-000480,CUST-007,PROD-001,SUP-010,179,1250.0,223750.0,USD,2026-08-06 10:00:44.489038,2026-08-21 10:00:44.489038,IN_TRANSIT
ORD-000481,CUST-001,PROD-001,SUP-010,16,1250.0,20000.0,USD,2026-07-02 13:00:44.489038,2026-07-08 13:00:44.489038,DELAYED
ORD-000482,CUST-002,PROD-002,SUP-005,54,350.0,18900.0,USD,2026-07-19 22:00:44.489038,2026-07-28 22:00:44.489038,DELIVERED
ORD-000483,CUST-005,PROD-010,SUP-001,149,120.0,17880.0,USD,2026-07-19 16:00:44.489038,2026-08-01 16:00:44.489038,CUSTOMS_HOLD
ORD-000484,CUST-010,PROD-004,SUP-009,138,4800.0,662400.0,USD,2026-07-30 09:00:44.489038,2026-08-10 09:00:44.489038,DELIVERED
ORD-000485,CUST-003,PROD-001,SUP-010,91,1250.0,113750.0,USD,2026-07-08 14:00:44.489038,2026-07-18 14:00:44.489038,DELIVERED
ORD-000486,CUST-005,PROD-003,SUP-007,32,45.0,1440.0,USD,2026-08-06 23:00:44.489038,2026-08-13 23:00:44.489038,IN_TRANSIT
ORD-000487,CUST-010,PROD-003,SUP-007,167,45.0,7515.0,USD,2026-06-28 14:00:44.489038,2026-07-04 14:00:44.489038,DELIVERED
ORD-000488,CUST-008,PROD-009,SUP-006,199,3400.0,676600.0,USD,2026-07-26 18:00:44.489038,2026-08-01 18:00:44.489038,DELIVERED
ORD-000489,CUST-006,PROD-008,SUP-003,152,890.0,135280.0,USD,2026-07-04 10:00:44.489038,2026-07-15 10:00:44.489038,DELIVERED
ORD-000490,CUST-010,PROD-008,SUP-003,72,890.0,64080.0,USD,2026-07-05 09:00:44.489038,2026-07-20 09:00:44.489038,DELIVERED
ORD-000491,CUST-001,PROD-010,SUP-001,140,120.0,16800.0,USD,2026-08-11 04:00:44.489038,2026-08-20 04:00:44.489038,DELIVERED
ORD-000492,CUST-004,PROD-006,SUP-015,154,1800.0,277200.0,USD,2026-07-01 20:00:44.489038,2026-07-06 20:00:44.489038,IN_TRANSIT
ORD-000493,CUST-001,PROD-010,SUP-001,47,120.0,5640.0,USD,2026-06-30 00:00:44.489038,2026-07-15 00:00:44.489038,DELIVERED
ORD-000494,CUST-003,PROD-009,SUP-006,174,3400.0,591600.0,USD,2026-07-10 12:00:44.489038,2026-07-22 12:00:44.489038,DELIVERED
ORD-000495,CUST-006,PROD-005,SUP-013,47,2100.0,98700.0,USD,2026-07-22 18:00:44.489038,2026-07-30 18:00:44.489038,CUSTOMS_HOLD
ORD-000496,CUST-008,PROD-009,SUP-006,149,3400.0,506600.0,USD,2026-07-07 19:00:44.489038,2026-07-20 19:00:44.489038,IN_TRANSIT
ORD-000497,CUST-002,PROD-005,SUP-013,56,2100.0,117600.0,USD,2026-08-10 07:00:44.489038,2026-08-21 07:00:44.489038,IN_TRANSIT
ORD-000498,CUST-010,PROD-003,SUP-007,156,45.0,7020.0,USD,2026-07-17 22:00:44.489038,2026-07-26 22:00:44.489038,DELIVERED
ORD-000499,CUST-004,PROD-004,SUP-009,136,4800.0,652800.0,USD,2026-07-22 01:00:44.489038,2026-08-05 01:00:44.489038,DELIVERED
ORD-000500,CUST-009,PROD-010,SUP-001,80,120.0,9600.0,USD,2026-08-09 06:00:44.489038,2026-08-23 06:00:44.489038,CUSTOMS_HOLD
ORD-000501,CUST-005,PROD-009,SUP-006,132,3400.0,448800.0,USD,2026-07-29 01:00:44.489038,2026-08-13 01:00:44.489038,DELIVERED
ORD-000502,CUST-004,PROD-001,SUP-010,66,1250.0,82500.0,USD,2026-07-10 22:00:44.489038,2026-07-24 22:00:44.489038,DELIVERED
ORD-000503,CUST-008,PROD-008,SUP-003,28,890.0,24920.0,USD,2026-07-28 03:00:44.489038,2026-08-05 03:00:44.489038,DELAYED
ORD-000504,CUST-001,PROD-008,SUP-003,123,890.0,109470.0,USD,2026-08-06 16:00:44.489038,2026-08-12 16:00:44.489038,DELAYED
ORD-000505,CUST-010,PROD-002,SUP-005,44,350.0,15400.0,USD,2026-07-16 10:00:44.489038,2026-07-29 10:00:44.489038,DELIVERED
ORD-000506,CUST-002,PROD-010,SUP-001,171,120.0,20520.0,USD,2026-07-24 16:00:44.489038,2026-07-31 16:00:44.489038,IN_TRANSIT
ORD-000507,CUST-006,PROD-004,SUP-009,185,4800.0,888000.0,USD,2026-07-28 11:00:44.489038,2026-08-08 11:00:44.489038,DELIVERED
ORD-000508,CUST-002,PROD-001,SUP-010,71,1250.0,88750.0,USD,2026-07-30 01:00:44.489038,2026-08-04 01:00:44.489038,DELAYED
ORD-000509,CUST-006,PROD-001,SUP-010,200,1250.0,250000.0,USD,2026-07-31 07:00:44.489038,2026-08-08 07:00:44.489038,DELIVERED
ORD-000510,CUST-008,PROD-002,SUP-005,56,350.0,19600.0,USD,2026-08-05 13:00:44.489038,2026-08-12 13:00:44.489038,DELIVERED
ORD-000511,CUST-003,PROD-008,SUP-003,103,890.0,91670.0,USD,2026-07-29 01:00:44.489038,2026-08-12 01:00:44.489038,DELIVERED
ORD-000512,CUST-003,PROD-005,SUP-013,88,2100.0,184800.0,USD,2026-08-06 00:00:44.489038,2026-08-13 00:00:44.489038,DELIVERED
ORD-000513,CUST-008,PROD-007,SUP-015,7,3200.0,22400.0,USD,2026-08-08 16:00:44.489038,2026-08-19 16:00:44.489038,IN_TRANSIT
ORD-000514,CUST-003,PROD-001,SUP-010,185,1250.0,231250.0,USD,2026-06-29 02:00:44.489038,2026-07-10 02:00:44.489038,IN_TRANSIT
ORD-000515,CUST-003,PROD-004,SUP-009,58,4800.0,278400.0,USD,2026-07-16 17:00:44.489038,2026-07-31 17:00:44.489038,DELIVERED
ORD-000516,CUST-010,PROD-007,SUP-015,125,3200.0,400000.0,USD,2026-07-26 12:00:44.489038,2026-08-04 12:00:44.489038,DELIVERED
ORD-000517,CUST-005,PROD-006,SUP-015,72,1800.0,129600.0,USD,2026-07-07 17:00:44.489038,2026-07-12 17:00:44.489038,DELIVERED
ORD-000518,CUST-002,PROD-007,SUP-015,66,3200.0,211200.0,USD,2026-07-15 08:00:44.489038,2026-07-26 08:00:44.489038,DELIVERED
ORD-000519,CUST-001,PROD-006,SUP-015,37,1800.0,66600.0,USD,2026-07-29 16:00:44.489038,2026-08-06 16:00:44.489038,DELIVERED
ORD-000520,CUST-005,PROD-005,SUP-013,39,2100.0,81900.0,USD,2026-07-11 08:00:44.489038,2026-07-16 08:00:44.489038,DELIVERED
ORD-000521,CUST-004,PROD-005,SUP-013,136,2100.0,285600.0,USD,2026-06-29 12:00:44.489038,2026-07-11 12:00:44.489038,DELAYED
ORD-000522,CUST-005,PROD-001,SUP-010,191,1250.0,238750.0,USD,2026-08-11 14:00:44.489038,2026-08-17 14:00:44.489038,IN_TRANSIT
ORD-000523,CUST-003,PROD-009,SUP-006,26,3400.0,88400.0,USD,2026-08-04 09:00:44.489038,2026-08-11 09:00:44.489038,IN_TRANSIT
ORD-000524,CUST-010,PROD-002,SUP-005,175,350.0,61250.0,USD,2026-07-04 12:00:44.489038,2026-07-16 12:00:44.489038,DELIVERED
ORD-000525,CUST-005,PROD-008,SUP-003,74,890.0,65860.0,USD,2026-07-03 13:00:44.489038,2026-07-16 13:00:44.489038,IN_TRANSIT
ORD-000526,CUST-001,PROD-007,SUP-015,34,3200.0,108800.0,USD,2026-07-01 07:00:44.489038,2026-07-09 07:00:44.489038,DELIVERED
ORD-000527,CUST-003,PROD-001,SUP-010,11,1250.0,13750.0,USD,2026-08-04 22:00:44.489038,2026-08-15 22:00:44.489038,DELIVERED
ORD-000528,CUST-004,PROD-005,SUP-013,178,2100.0,373800.0,USD,2026-07-18 18:00:44.489038,2026-07-24 18:00:44.489038,IN_TRANSIT
ORD-000529,CUST-009,PROD-007,SUP-015,54,3200.0,172800.0,USD,2026-07-28 11:00:44.489038,2026-08-12 11:00:44.489038,IN_TRANSIT
ORD-000530,CUST-003,PROD-002,SUP-005,55,350.0,19250.0,USD,2026-07-08 09:00:44.489038,2026-07-16 09:00:44.489038,IN_TRANSIT
ORD-000531,CUST-003,PROD-002,SUP-005,154,350.0,53900.0,USD,2026-07-21 05:00:44.489038,2026-07-26 05:00:44.489038,IN_TRANSIT
ORD-000532,CUST-005,PROD-010,SUP-001,117,120.0,14040.0,USD,2026-07-16 01:00:44.489038,2026-07-31 01:00:44.489038,IN_TRANSIT
ORD-000533,CUST-005,PROD-005,SUP-013,162,2100.0,340200.0,USD,2026-07-03 11:00:44.489038,2026-07-16 11:00:44.489038,DELIVERED
ORD-000534,CUST-003,PROD-008,SUP-003,77,890.0,68530.0,USD,2026-07-10 17:00:44.489038,2026-07-20 17:00:44.489038,DELIVERED
ORD-000535,CUST-007,PROD-006,SUP-015,21,1800.0,37800.0,USD,2026-08-10 00:00:44.489038,2026-08-17 00:00:44.489038,IN_TRANSIT
ORD-000536,CUST-006,PROD-003,SUP-007,27,45.0,1215.0,USD,2026-07-20 21:00:44.489038,2026-08-04 21:00:44.489038,DELIVERED
ORD-000537,CUST-009,PROD-001,SUP-010,11,1250.0,13750.0,USD,2026-06-29 05:00:44.489038,2026-07-04 05:00:44.489038,DELIVERED
ORD-000538,CUST-010,PROD-007,SUP-015,109,3200.0,348800.0,USD,2026-07-10 00:00:44.489038,2026-07-21 00:00:44.489038,DELIVERED
ORD-000539,CUST-005,PROD-009,SUP-006,132,3400.0,448800.0,USD,2026-07-25 00:00:44.489038,2026-08-04 00:00:44.489038,IN_TRANSIT
ORD-000540,CUST-004,PROD-004,SUP-009,5,4800.0,24000.0,USD,2026-07-22 09:00:44.489038,2026-08-01 09:00:44.489038,DELAYED
ORD-000541,CUST-008,PROD-010,SUP-001,196,120.0,23520.0,USD,2026-06-30 13:00:44.489038,2026-07-15 13:00:44.489038,IN_TRANSIT
ORD-000542,CUST-001,PROD-002,SUP-005,10,350.0,3500.0,USD,2026-07-28 05:00:44.489038,2026-08-09 05:00:44.489038,DELAYED
ORD-000543,CUST-002,PROD-005,SUP-013,74,2100.0,155400.0,USD,2026-07-15 16:00:44.489038,2026-07-27 16:00:44.489038,DELIVERED
ORD-000544,CUST-003,PROD-001,SUP-010,55,1250.0,68750.0,USD,2026-07-23 14:00:44.489038,2026-08-03 14:00:44.489038,DELIVERED
ORD-000545,CUST-007,PROD-005,SUP-013,22,2100.0,46200.0,USD,2026-07-22 08:00:44.489038,2026-07-30 08:00:44.489038,DELIVERED
ORD-000546,CUST-009,PROD-003,SUP-007,9,45.0,405.0,USD,2026-07-07 17:00:44.489038,2026-07-22 17:00:44.489038,DELIVERED
ORD-000547,CUST-006,PROD-002,SUP-005,39,350.0,13650.0,USD,2026-07-25 11:00:44.489038,2026-07-30 11:00:44.489038,IN_TRANSIT
ORD-000548,CUST-006,PROD-005,SUP-013,184,2100.0,386400.0,USD,2026-08-01 00:00:44.489038,2026-08-16 00:00:44.489038,DELIVERED
ORD-000549,CUST-010,PROD-002,SUP-005,142,350.0,49700.0,USD,2026-08-06 03:00:44.489038,2026-08-16 03:00:44.489038,IN_TRANSIT
ORD-000550,CUST-010,PROD-002,SUP-005,89,350.0,31150.0,USD,2026-06-30 12:00:44.489038,2026-07-07 12:00:44.489038,DELIVERED
ORD-000551,CUST-009,PROD-004,SUP-009,51,4800.0,244800.0,USD,2026-08-08 13:00:44.489038,2026-08-21 13:00:44.489038,DELIVERED
ORD-000552,CUST-001,PROD-005,SUP-013,41,2100.0,86100.0,USD,2026-07-07 16:00:44.489038,2026-07-15 16:00:44.489038,DELAYED
ORD-000553,CUST-005,PROD-005,SUP-013,164,2100.0,344400.0,USD,2026-07-13 18:00:44.489038,2026-07-22 18:00:44.489038,DELIVERED
ORD-000554,CUST-010,PROD-001,SUP-010,129,1250.0,161250.0,USD,2026-08-02 19:00:44.489038,2026-08-09 19:00:44.489038,DELIVERED
ORD-000555,CUST-003,PROD-008,SUP-003,188,890.0,167320.0,USD,2026-07-07 01:00:44.489038,2026-07-20 01:00:44.489038,DELIVERED
ORD-000556,CUST-006,PROD-007,SUP-015,177,3200.0,566400.0,USD,2026-08-08 16:00:44.489038,2026-08-17 16:00:44.489038,DELIVERED
ORD-000557,CUST-006,PROD-002,SUP-005,190,350.0,66500.0,USD,2026-08-04 11:00:44.489038,2026-08-18 11:00:44.489038,IN_TRANSIT
ORD-000558,CUST-007,PROD-003,SUP-007,9,45.0,405.0,USD,2026-07-02 15:00:44.489038,2026-07-17 15:00:44.489038,DELIVERED
ORD-000559,CUST-010,PROD-001,SUP-010,35,1250.0,43750.0,USD,2026-08-11 19:00:44.489038,2026-08-25 19:00:44.489038,DELAYED
ORD-000560,CUST-010,PROD-010,SUP-001,5,120.0,600.0,USD,2026-08-07 02:00:44.489038,2026-08-12 02:00:44.489038,DELIVERED
ORD-000561,CUST-003,PROD-008,SUP-003,112,890.0,99680.0,USD,2026-08-05 16:00:44.489038,2026-08-12 16:00:44.489038,DELIVERED
ORD-000562,CUST-010,PROD-003,SUP-007,147,45.0,6615.0,USD,2026-07-18 12:00:44.489038,2026-08-02 12:00:44.489038,DELIVERED
ORD-000563,CUST-005,PROD-007,SUP-015,162,3200.0,518400.0,USD,2026-07-29 04:00:44.489038,2026-08-04 04:00:44.489038,DELIVERED
ORD-000564,CUST-006,PROD-009,SUP-006,72,3400.0,244800.0,USD,2026-07-22 00:00:44.489038,2026-07-27 00:00:44.489038,DELIVERED
ORD-000565,CUST-002,PROD-006,SUP-015,132,1800.0,237600.0,USD,2026-07-13 21:00:44.489038,2026-07-19 21:00:44.489038,IN_TRANSIT
ORD-000566,CUST-007,PROD-009,SUP-006,185,3400.0,629000.0,USD,2026-08-02 03:00:44.489038,2026-08-11 03:00:44.489038,IN_TRANSIT
ORD-000567,CUST-001,PROD-005,SUP-013,188,2100.0,394800.0,USD,2026-07-20 09:00:44.489038,2026-07-29 09:00:44.489038,DELIVERED
ORD-000568,CUST-001,PROD-002,SUP-005,58,350.0,20300.0,USD,2026-08-12 00:00:44.489038,2026-08-27 00:00:44.489038,DELIVERED
ORD-000569,CUST-003,PROD-010,SUP-001,193,120.0,23160.0,USD,2026-08-10 19:00:44.489038,2026-08-19 19:00:44.489038,DELIVERED
ORD-000570,CUST-007,PROD-004,SUP-009,9,4800.0,43200.0,USD,2026-07-10 08:00:44.489038,2026-07-18 08:00:44.489038,DELIVERED
ORD-000571,CUST-003,PROD-006,SUP-015,43,1800.0,77400.0,USD,2026-08-03 19:00:44.489038,2026-08-11 19:00:44.489038,DELIVERED
ORD-000572,CUST-005,PROD-006,SUP-015,185,1800.0,333000.0,USD,2026-07-23 08:00:44.489038,2026-07-29 08:00:44.489038,DELIVERED
ORD-000573,CUST-008,PROD-006,SUP-015,50,1800.0,90000.0,USD,2026-07-25 19:00:44.489038,2026-08-09 19:00:44.489038,IN_TRANSIT
ORD-000574,CUST-007,PROD-010,SUP-001,194,120.0,23280.0,USD,2026-08-08 02:00:44.489038,2026-08-14 02:00:44.489038,DELIVERED
ORD-000575,CUST-004,PROD-009,SUP-006,87,3400.0,295800.0,USD,2026-08-07 20:00:44.489038,2026-08-22 20:00:44.489038,DELAYED
ORD-000576,CUST-004,PROD-003,SUP-007,61,45.0,2745.0,USD,2026-07-25 13:00:44.489038,2026-08-07 13:00:44.489038,DELAYED
ORD-000577,CUST-009,PROD-009,SUP-006,190,3400.0,646000.0,USD,2026-07-25 05:00:44.489038,2026-07-30 05:00:44.489038,DELIVERED
ORD-000578,CUST-006,PROD-004,SUP-009,71,4800.0,340800.0,USD,2026-07-03 13:00:44.489038,2026-07-15 13:00:44.489038,DELIVERED
ORD-000579,CUST-009,PROD-007,SUP-015,153,3200.0,489600.0,USD,2026-07-05 13:00:44.489038,2026-07-20 13:00:44.489038,DELIVERED
ORD-000580,CUST-004,PROD-006,SUP-015,60,1800.0,108000.0,USD,2026-08-02 16:00:44.489038,2026-08-07 16:00:44.489038,DELAYED
ORD-000581,CUST-001,PROD-002,SUP-005,125,350.0,43750.0,USD,2026-08-10 01:00:44.489038,2026-08-25 01:00:44.489038,DELIVERED
ORD-000582,CUST-003,PROD-004,SUP-009,111,4800.0,532800.0,USD,2026-08-09 03:00:44.489038,2026-08-23 03:00:44.489038,IN_TRANSIT
ORD-000583,CUST-007,PROD-007,SUP-015,87,3200.0,278400.0,USD,2026-08-09 03:00:44.489038,2026-08-19 03:00:44.489038,DELIVERED
ORD-000584,CUST-009,PROD-009,SUP-006,175,3400.0,595000.0,USD,2026-07-23 10:00:44.489038,2026-07-29 10:00:44.489038,IN_TRANSIT
ORD-000585,CUST-009,PROD-008,SUP-003,158,890.0,140620.0,USD,2026-07-19 03:00:44.489038,2026-07-31 03:00:44.489038,DELIVERED
ORD-000586,CUST-006,PROD-005,SUP-013,173,2100.0,363300.0,USD,2026-07-08 02:00:44.489038,2026-07-18 02:00:44.489038,IN_TRANSIT
ORD-000587,CUST-008,PROD-003,SUP-007,48,45.0,2160.0,USD,2026-08-04 04:00:44.489038,2026-08-13 04:00:44.489038,DELIVERED
ORD-000588,CUST-007,PROD-007,SUP-015,25,3200.0,80000.0,USD,2026-07-31 21:00:44.489038,2026-08-14 21:00:44.489038,IN_TRANSIT
ORD-000589,CUST-003,PROD-001,SUP-010,38,1250.0,47500.0,USD,2026-08-05 15:00:44.489038,2026-08-14 15:00:44.489038,DELAYED
ORD-000590,CUST-007,PROD-002,SUP-005,33,350.0,11550.0,USD,2026-07-01 08:00:44.489038,2026-07-09 08:00:44.489038,DELAYED
ORD-000591,CUST-008,PROD-005,SUP-013,189,2100.0,396900.0,USD,2026-07-01 02:00:44.489038,2026-07-11 02:00:44.489038,DELAYED
ORD-000592,CUST-001,PROD-010,SUP-001,142,120.0,17040.0,USD,2026-08-10 07:00:44.489038,2026-08-20 07:00:44.489038,IN_TRANSIT
ORD-000593,CUST-010,PROD-007,SUP-015,25,3200.0,80000.0,USD,2026-07-12 12:00:44.489038,2026-07-20 12:00:44.489038,IN_TRANSIT
ORD-000594,CUST-003,PROD-008,SUP-003,188,890.0,167320.0,USD,2026-07-14 05:00:44.489038,2026-07-28 05:00:44.489038,DELIVERED
ORD-000595,CUST-006,PROD-006,SUP-015,38,1800.0,68400.0,USD,2026-08-06 07:00:44.489038,2026-08-20 07:00:44.489038,IN_TRANSIT
ORD-000596,CUST-010,PROD-009,SUP-006,14,3400.0,47600.0,USD,2026-08-09 23:00:44.489038,2026-08-23 23:00:44.489038,DELIVERED
ORD-000597,CUST-002,PROD-002,SUP-005,81,350.0,28350.0,USD,2026-07-15 23:00:44.489038,2026-07-30 23:00:44.489038,IN_TRANSIT
ORD-000598,CUST-002,PROD-003,SUP-007,5,45.0,225.0,USD,2026-07-13 03:00:44.489038,2026-07-27 03:00:44.489038,IN_TRANSIT
ORD-000599,CUST-003,PROD-001,SUP-010,111,1250.0,138750.0,USD,2026-07-14 16:00:44.489038,2026-07-25 16:00:44.489038,DELIVERED
ORD-000600,CUST-002,PROD-005,SUP-013,129,2100.0,270900.0,USD,2026-07-09 09:00:44.489038,2026-07-22 09:00:44.489038,DELAYED
